Mixture,B cells naive,B cells memory,Plasma cells,T cells CD8,T cells CD4 naive,T cells CD4 memory resting,T cells CD4 memory activated,T cells follicular helper,T cells regulatory (Tregs),T cells gamma delta,NK cells resting,NK cells activated,Monocytes,Macrophages M0,Macrophages M1,Macrophages M2,Dendritic cells resting,Dendritic cells activated,Mast cells resting,Mast cells activated,Eosinophils,Neutrophils,P-value,Correlation,RMSE
sample001,0.0847144438835795,0,0,0.0391560202908447,0,0.369010379310922,0.0183149397299462,0,0,0,0.0260836480070297,0,0.0963036695742951,0,0.03190713683366,0.187895801848843,0.0524851960946815,0.0299810175891282,0.0489966375965044,0,0,0.0151511092405651,0,0.224859745313299,0.989874895735507
sample002,0.0114472445666841,0,0.0432802441951901,0.0179239260383702,0,0.235781673769579,0.000178528360986257,0,0,0,0.0148669964096455,0.00834664388989942,0.242110386218808,0.02650160757431,0.0158450531125931,0.234284586529682,0.024525435872856,0.00745072471324612,0.0603105212419053,0,0.0431248247717469,0.0140216027344968,0,0.150976030120158,1.01886402069505
sample003,0.0597909766610363,0,0.00983796815105865,0.0119125688811655,0,0.290106668059399,0.0143888970366844,0,0,0,0.0485906184420755,0,0.017877263932564,0.107097987468027,0.134462875206048,0.243282149263275,0.0121257374198943,0,0.0475495557164955,0,0,0.0029767337622766,0,0.104086605882417,1.04517884612966
sample004,0.0289840812630827,0,0,0.0787860479163718,0,0.260245266577272,0,0,0,0,0,0.00304892547300152,0.0944260316355422,0.094173424891774,0,0.344851652394997,0.00268224437891129,0.0500038413307259,0,0.029023817679062,0.0137746664592593,0,0,0.156046637222074,1.02606358944952
sample005,0.0832172893733637,0,0.0181520370375638,0,0,0.382878461793416,0,0,0,0,0.0321885068353228,0,0.0170906921675379,0.0672930975904936,0.0648225005188709,0.245113738176902,0.0344412816635087,0,0.0471746825259363,0,0.00762771231708474,0,0,0.12235990512569,1.03296187956564
sample006,0.307660662700195,0,0.0290868975760249,0.113058146174855,0,0.225654087697816,0.00228139817000993,0,0.00376954414074436,0,0,0,0.0864999983549653,0.0108542449432183,0.0128640295521445,0.12854362104329,0,0.00406527543779344,0.0698916847861955,0,0,0.00577040942274823,0,0.423173076782144,0.906591001836976
sample007,0.000910234458344447,0.0590367094950291,0,0.176448407348823,0,0.241755956066079,0,0,0,0,0,0,0.0522365067105438,0.0757810849249547,0.0443378291893154,0.103684231820111,0.135491594810766,0.00908885169957549,0.0523525974791948,0,0,0.0488759959972629,0,0.10025522277735,1.04059130115457
sample008,0.0336422884767517,0,0,0,0,0.213920833151186,0,0,0,0,0.032979557567053,0,0.00987312966421492,0.274381782560761,0.00839390357689588,0.320223871614566,0,0.053091826174574,0.0521218937978397,0,0,0.00137091341615774,0,0.223688671767408,1.00703116867884
sample009,0,0.0453267924057765,0.00299886885511122,0,0,0.167912841120916,0,0.0168243328518405,0,0,0.0397354010965165,0,0,0.329289337516928,0,0.118162276009165,0,0.157586465258386,0,0.0809632964400981,0.0106977926267821,0.0305025958184808,0,0.255198407347179,0.992766834381919
sample010,0.122615547702609,0,0.0274121542981795,0.119863121773823,0,0.193471358032929,0,0,0.0190820630744762,0,0,0.0781361222968864,0.0410660863871943,0.0319799094426538,0.0223618090227449,0.167660018839448,0,0.0216955589989573,0.154656250130099,0,0,0,0,0.198414022868534,1.00128874891668
sample011,0.359609939640839,0,0.0394484420507897,0.048839655465245,0,0.274437550230535,0.00602651855149804,0,0,0,0.0415087534064658,0,0.0125852623279355,0.0719483485284098,0.0109797534518103,0.11234586927656,0,0.0146715906821072,0.00759831638780349,0,0,0,0,0.496567563631965,0.867400136426251
sample012,0,0.00527399498506799,0.0184798595140497,0.0132260940220815,0,0.133205504660207,0.0460346760282065,0.0139860057455744,0,0,0.0601343091257049,0.0469491007663521,0.000596454254196514,0.0823487080466152,0.115397193927167,0.15193523244904,0,0.175626311898652,0.0788898596745996,0,0.0178157680223657,0.0401009268801205,0,0.158438403969419,1.02895574509174
sample013,0.0657496231997993,0,0.00881434384751524,0.105249757848733,0,0.129321357786677,0,0,0.00111225107591635,0,0,0.0246705424852109,0.0220442779167727,0.232948408001938,0.00837053347973025,0.253452109038298,0,0.011470124301374,0.136796671018036,0,0,0,0,0.177822066257883,1.01613257744615
sample014,0.0413854374505541,0.0321875258314248,0,0.0487449022298938,0,0.283694932909282,0.00671388691770096,0,0.00952497904900974,0,0.0732453618862488,0,0.0154383843355399,0.0936564024850635,0.0308686789492827,0.231895832238186,0.0462882793423971,0.00892307900329093,0.0774323173721263,0,0,0,0,0.119643958484171,1.03126032726695
sample015,0.0398734085117466,0,0.0143782322754484,0,0,0.175476579948415,0,0,0,0,0,0.0593097031945213,0.0192271111058718,0.215520021680361,0.0108717217044375,0.212069670477459,0.0150787279409641,0.0917468021022817,0.0558386962407779,0,0.0285358211805775,0.0620735036371385,0,0.0592239216248243,1.06400566268651
sample016,0.0631399906232992,0,0.0252148112962435,0.0261028435049373,0,0.173181480960211,0,0,0.0047135560407591,0,0.0254010630323966,0.028843573639629,0.016721115978998,0.286717045238135,0,0.244741748433603,0.0109169873123836,0.0162762366357054,0.0774323006027631,0,0,0.000597246700936554,0,0.160526128296599,1.02907335554836
sample017,0.0182405240862581,0.0282228431603712,0,0,0,0.251790524227093,0,0.00928846933486981,0.00832774575656205,0,0,0.0138597418045356,0.0199716744378361,0.137534015398946,0.0603975207438669,0.238554511844074,0.0632124295944211,0.0598463449150474,0.0907536546961188,0,0,0,0,0.0847805119714666,1.04693687618676
sample018,0,0.0408390421524886,0,0.0528023070158706,0,0.241376550905359,0,0.0448358598903755,0.000683155196543991,0,0.0906655602779323,0.0298610469224396,0.108126443049417,0,0.0107193650605753,0.25514098770465,0,0,0.108910997765103,0,0.0160386840592461,0,0,-0.0503486762231624,1.0984501749582
sample019,0.0627078307096521,0,0.0456426935729257,0,0,0.31061651510903,0.00776610706477634,0,0,0,0.0599538907873392,0,0.109919000104345,0.0881432444247086,0.0336907519061411,0.167928793111165,0,0.0327354662379116,0.0314373531027816,0,0.0408981529651483,0.00856020090407523,0,0.1938828785649,0.998948547399818
sample020,0,0,0.0216530120933647,0,0,0.330118375602585,0,0,0,0,0.0067449308687544,0.0297727020749456,0.071481261528405,0.0722285040069454,0.0414591446614078,0.240137907846026,0.0306127687709951,0,0.0504415723622334,0,0.0854090778561885,0.0199407423281491,0,0.116984569281924,1.03193908007556
sample021,0.0560393412395883,0,0,0,0,0.485689370909347,0,0,0,0,0,0.0311825524649683,0.0381428925073812,0.0451231708672591,0.0441910509403692,0.147424348396243,0.0650889123837943,0.00458167977250129,0.0825366805185485,0,0,0,0,0.0788148950590865,1.0565548932129
sample022,0.193558348381578,0,0.00445611014045184,0.0428523916903729,0,0.221415888960791,0,0,0.0421317335173007,0,0.0199950762517872,0.0316565514265852,0.0282406187732429,0.0460134810343068,0,0.205449443164695,0,0.0892608843500675,0.0749694723088202,0,0,0,0,-0.0222322570621599,1.08663067001381
sample023,0,0,0.0341192448274624,0,0,0.486139908597248,0,0,0,0,0.0880189505605219,0.0685448995554808,0.0164229777771565,0,0.0134638761263294,0.208492897598938,0.00713121168981417,0.00035472602647611,0.0773113072405721,0,0,0,0,0.0168758817911134,1.098863409073
sample024,0,0.0109133313149148,0.0191414613593863,0,0,0.292011764369602,0,0,0,0,0.0546983408525168,0,0,0.262927686902121,0.00932448479172913,0.314953634063795,0,0.0204169102985664,0,0.0149781490427959,0,0.000634237004572287,0,0.1289893615175,1.05225051366372
sample025,0.0193662431602661,0,0,0.036933053433618,0,0.297966564153628,0,0,0.0118084068623715,0,0.0058677286849208,0.149953015767057,0.0274046220445155,0.129016992421193,0.00933943521018616,0.133552411888091,0,0.031785934006995,0.136953278973494,0,0,0.0100523133936631,0,-0.00556776885603021,1.09696033845989
sample026,0.00150501907714992,0,0.0227883053598969,0,0,0.261596284076061,0,0.0238068361441112,0,0,0.053423185762812,0.00714594932199736,0.00483150521109745,0.128978666946374,0.042410149928392,0.258787192740813,0.0234108907064129,0,0.0684173355160602,0,0,0.102898679208822,0,0.125744955240415,1.03376615673476
sample027,0.018648432235993,0,0.0498967914476775,0,0,0.371951238496565,0,0,0,0,0.0659980401941996,0,0.0246306542992227,0.0484571134033924,0.00816457571999007,0.345123592487872,0.0167257873099862,0.0152199118408565,0.0351838625642453,0,0,0,0,0.10255232959818,1.04441886748828
sample028,0.0907447480625705,0,0.00892728052778257,0,0,0.153237721666287,0,0,0.0557358167335145,0,0.00926462105138879,0.0108453195399125,0,0.204132778935147,0.0141148539113599,0.225188037733418,0.0113303025058828,0.062815689390011,0.151490784205282,0,0,0.00217204573744332,0,0.0974830137500618,1.04352052210049
sample029,0.130760816605715,0,0.051685987799124,0,0,0.308942377357855,0.00779441364435636,0.0146188307393141,0,0,0.0116758339039756,0.00252957483594461,0.102371577803495,0.0100129368080696,0.0584224064805182,0.194977407821497,0.0458472028438894,0.000948398200224191,0.0594122351560217,0,0,0,0,0.291234700107738,0.961383072049358
sample030,0.161547136073292,0,0.0193324339282495,0.106893760542549,0,0.40404775678806,0,0,0,0,0,0,0.0828776569306705,0,0.0376082602791023,0.0957410092387703,0.0184393927691449,0.0217862873004828,0.0227907102070011,0.00644876373114924,0,0.0224868322115295,0,0.242729950144633,0.993404177797643
sample031,0.193385911635063,0.179249972909552,0.0139855731302469,0.0612761675442925,0.147586434248292,0.16697386576447,0.030367598536783,0,0,0,0.0261500334652668,0,0.0317942326016087,0.0246245715077824,0.00376043818275641,0.0761413208228571,0,0.0410673535875331,0.00363652606349588,0,0,0,0,0.495317546607918,0.868134148195535
sample032,0.0167399382706992,0,0,0.0525963634918525,0,0.408313979181964,0,0,0,0,0.0364549736357287,0,0.0318300098407981,0.0829093819285523,0.00781585667996544,0.182723878943681,0.0566101750863238,0.0392176495314932,0.0687530726525758,0.00192016042743431,0,0.0141145603289315,0,0.0830222296382919,1.05387762200971
sample033,0.0353781051437197,0,0,0.00203849871288332,0,0.136830694192784,0,0,0,0,0.0114845753817711,0.00441758556513988,0.243728632552845,0.108848979928451,0.0073905794563494,0.382094430849183,0.00106541974827913,0.00970874838006798,0.057013750088526,0,0,0,0,0.146085411637249,1.03966590751853
sample034,0.00905141928799271,0.0166256448791832,0.016969968292793,0.114193816849706,0.00426702925940693,0.308639392497682,0,0,0,0,0,0.0302412653393892,0.108308629480735,0.0691628508820069,0,0.124354873854509,0.0112018041382459,0.0448640000052932,0.111809889065917,0,0.0303094161671391,0,0,0.104896663961061,1.03838085810323
sample035,0.275405896702276,0,0.031096056189562,0.112166612135467,0,0.206258521332644,0,0.00279326850833482,0,0,0,0.0216873714536619,0.0326279428328375,0,0.0656574977033885,0.147956202907375,0.0192838941397377,0,0.0726919214034037,0,0,0.0123748146913127,0,0.345962821137827,0.943557264834315
sample036,0.0595460650409249,0,0.0131524141913337,0,0,0.418019362173351,0,0,0,0,0,0.0717629803932503,0.0257917539812643,0,0,0.198673091516548,0,0.0367969829579157,0.124857370952511,0,0.051399978792901,0,0,-0.00108704718782311,1.0836658408075
sample037,0,0,0.0303286205509534,0,0,0.266732009672063,0,0,0,0,0.0296589835214785,0.00163928117764686,0,0.161224452179414,0.0627128059880521,0.18459850405369,0.0743272477756999,0,0.0187585086375105,0,0.0157808776236524,0.154238708819839,0,0.0839542015310744,1.05838201348909
sample038,0.0206293964910182,0,0.00396824852604456,0.0149409513731844,0,0.394570163695862,0.00793717893861031,0,0.0119755939541074,0,0.0683017781562771,0,0.0212226938251202,0.200092071864611,0.0367130628229547,0.168323310262222,0.00239955576316086,0.0283913245308041,0.0202601577346509,0,0,0.000274512061371348,0,0.061498562261054,1.07074331218957
sample039,0.0200298385035989,0,0.0010999970316937,0.00141174884994843,0,0.111320341544013,0,0.00695066451963081,0.0181149465319421,0,0.092117275997178,0.0473049878258132,0.0152610079697917,0.252184247169794,0.00057174337581232,0.394168598373868,0,0,0.0394646023069154,0,0,0,0,0.0289250373789894,1.10534373422963
sample040,0.0230096336515148,0.0313288454125008,0,0.0350477445541493,0,0.140760691810771,0,0.00284441635294291,0.0361657132363755,0,0,0.0734690346766981,0.0150313305428509,0.143076641723513,0.0513840716862607,0.311411266356,0.0222160118718621,0,0.11425459812456,0,0,0,0,0.140618617458776,1.02808468347973
sample041,0,0,0.0356957894542707,0,0,0.21591388409203,0,0,0,0,0.0313869889234264,0,0.0698799954163369,0.175627177030619,0.0129321176105198,0.266019207019523,0.0866550000096146,0.0488426985053279,0.0519953828728276,0,0.00435292671560568,0.000698832349898621,0,0.108059791604045,1.04215614523467
sample042,0,0,0,0.0159089467559005,0.00728512151097034,0.249673288010038,0,0,0,0,0.0282530017896508,0.0495220299055528,0.0186995568526369,0.227345896747499,0,0.231174799760242,0.0229808741570784,0.0299976949846801,0.116605668406515,0,0,0.00255312111923578,0,0.0673800452270796,1.06472890360854
sample043,0.0181744491014754,0,0.0409848699739132,0.0289380586113547,0,0.325541991894695,0,0,0,0,0,0.0498395495997085,0.0481505839989329,0,0.0121192146164459,0.286043552131896,0.0455806191780463,0.0396677934577628,0.0929519042402233,0,0.0101478798135014,0.00185953338204437,0,0.0795811926165037,1.04465134448363
sample044,0.0827917898854283,0,0,0.0651735969448425,0,0.260925213843835,0.0309015957084329,0.0152820948540557,0,0,0.06775269654081,0,0.0171110681813433,0.0688464354269187,0.16068521465107,0.163150090753195,0,0.0040421126457702,0.0633380905642976,0,0,0,0,0.231017759272618,0.994868539756408
sample045,0.180842881023877,0,0,0.0332199311490252,0,0.245532401400928,0.0319448011617233,0,0,0,0.0438244408889802,0,0.0974212119577381,0,0.0441069942276614,0.219290146891555,0.0332725758106829,0,0.0698855576363837,0,0,0.000659057851445288,0,0.296925309748879,0.958773632752235
sample046,0,0.0156990033046832,0,0,0,0.200595222577559,0,0,0,0,0.000887088838882582,0.0218557675432119,0,0.2485519016121,0.0760412971102932,0.237185901920113,0.0226360839818047,0.0350214625474129,0.0724274228502695,0,0,0.0690988477136707,0,0.0639610420578797,1.07391441635107
sample047,0.178087451689953,0,0,0.0449113510356124,0,0.284622487470202,0,0,0,0,0.0417936052547879,0,0.00767188979320197,0.133960903031274,0.0274766455643118,0.233789664212514,0,0.0111077476406984,0.0365782543074457,0,0,0,0,0.334442524691682,0.946152843802757
sample048,0,0.00852937145635235,0.00291329115362595,0,0,0.232969397093905,0,0,0,0,0.0462034767326538,0,0,0.278060866862544,0.0404976935592577,0.328252551824843,0,0.00950960901534303,0.0112916699900301,0,0,0.0417720723114445,0,0.152822191712379,1.04562529617507
sample049,0,0.00745105338156522,0.00440565116956444,0.0578900675804254,0,0.274787487550974,0,0.00155495091082876,0,0,0,0.0372191020002638,0.0737962274119423,0.0584563712437659,0.0337673409557612,0.290896847768184,0.0733411694308677,0.00552564787419273,0.0514201463932775,0,0.0294879363283875,0,0,0.118439896044909,1.03398305117825
sample050,0.0299223025745674,0,0.00254362452652477,0.0374768824522576,0,0.155755655998277,0.0114342210337655,0,0,0,0.0820207302630688,0,0.00331638223123865,0.199404575370147,0.175674437517855,0.240605104748804,0,0,0.0618460832834946,0,0,0,0,0.211306814947532,1.01193751626627
sample051,0.0788197191263085,0,0.0484826697559651,0.0501642287473821,0,0.358432699607832,0,0,0,0,0,0.0536101868623579,0.0442687708904432,0,0.0183262288030123,0.242476082755155,0.0203409276005401,0,0.0511910968204837,0,0.0338873890305198,0,0,0.198355494718319,1.00314566749259
sample052,0.117638010538686,0,0.0267196799609102,0.126296425205367,0,0.285683329282282,0,0,0.000631510324866847,0,0,0.0236795864455812,0.0941061301684761,0.0102994355202985,0.00502579668181152,0.0754837631443201,0.031398936919535,0.025995590351569,0.177041805456297,0,0,0,0,0.175886270005073,1.0122709583953
sample053,0.0186203136945076,0.061810378542967,0,0,0,0.145816019076906,0,0.000957774471811208,0.036273178193715,0,0.0183821663043969,0.0240920280919031,0.0314454601499697,0.248170396445864,0.0189634476347168,0.344858789780663,0.0152220655505979,0,0.0353879820619813,0,0,0,0,0.16014710924089,1.03452834706226
sample054,0.110185012054772,0,0,0.0207935912840268,0,0.276292731829405,0,0,0.016521063312842,0,0.0313190332261016,0.0143894116887456,0.0548331652319721,0,0.00136635373121733,0.275956281337091,0.0116130795854825,0.031448841410733,0.155281435307611,0,0,0,0,0.0134135012853949,1.06824918123395
sample055,0.281360003237289,0,0.0497743060035889,0,0,0.330597382256267,0,0,0,0,0,0.0168742441954243,0.0246925365044947,0.0587835819796145,0.0387730073365197,0.110314431716744,0.0251830605421482,0,0.0611864638601906,0,0,0.00246098236772029,0,0.40665649217678,0.914518407866084
sample056,0,0.00501490331078114,0.0254068069903039,0,0,0.51445454872307,0.00940501239773932,0,0,0,0.0624954094684633,0,0.0088446147051522,0.00185663434849036,0.0493743317538628,0.169299554190435,0.0360380166526206,0.032229697020863,0.0212674531271868,0.00132193699287505,0.0570759246575795,0.00591515566057745,0,0.0588884125696255,1.07199812686927
sample057,0.0814551201501868,0,0.000547645552349015,0.0132575671174165,0,0.13841063317113,0,0.00693547978916097,0.0207310769101509,0,0.0278186271682799,0,0.366505190802157,0.210934147571408,0.0030313779811327,0.0752461201850975,0,0.031116057718154,0.0240109558833768,0,0,0,0,0.31076222851596,0.96082073806285
sample058,0,0.00796482283009764,0.0209664861904296,0.0226378338013183,0,0.225440664086537,0,0,0,0,0.0100455282217173,0,0.01141649227113,0.156924337094248,0,0.349955253935878,0.0259368803805906,0.0379773095173976,0,0.00451992396432865,0.0214737683193731,0.104740699386954,0,0.0970507895057039,1.06018970903443
sample059,0.318311662069707,0,0.00662257995881787,0.0382356100172629,0,0.132223466095028,0,0,0.0773558658990623,0,0.0365752558078142,0,0.0416272619842653,0.251322537800113,0.0184725546585412,0.051936075112924,0,0.0273171305964642,0,0,0,0,0,0.359497606818899,0.940552468241393
sample060,0.0202977359182037,0,0,0.0385318715228649,0,0.183168796653745,0,0,0.0176526776935547,0,0,0.0364674756422857,0.194335707690873,0.260842483524693,0,0.0431939585923537,0,0.053266044067158,0.140249038663577,0,0.0119942100306903,0,0,0.100171380307912,1.04474772980625
sample061,0.0955857951713004,0,0.0367646044750528,0,0,0.203752642937249,0.00306395522688681,0.000436665248311998,0,0,0.0384177140344422,0,0.00811474625465073,0.112905325518231,0.152330204116519,0.169609717563474,0.0163129762331648,0.0364417152939001,0.0543094660578508,0,0.0237479654911207,0.0482065063778469,0,0.208113146432921,1.00176070707935
sample062,0.405685540643061,0,0.012052566720425,0.0432603952561485,0,0.214669005471697,0.0111586060147247,0,0,0,0.0285031895683378,0,0.0288548998042504,0.033222715674028,0,0.0936442752354407,0.0350503623623691,0.0734852924374745,0.0204131508120433,0,0,0,0,0.336243032925073,0.95727287408229
sample063,0.0726406103880954,0.0310666030989227,0,0.0559956610888469,0,0.26303481082033,0.00160121845756794,0,0,0,0.0593485188472911,0,0.0135774691093558,0.238382009417946,0.0839865336732769,0.128822223719177,0,0.0268329560750981,0.0247113853040925,0,0,0,0,0.254154652259094,0.984173176921631
sample064,0.113663397138888,0,0.0066412709484239,0,0,0.475744484799142,0,0,0,0,0,0.0717229952302728,0.0752706566539715,0,0.0261018321804406,0.110906444275738,0,0.038100480778945,0.058613373954126,0,0.0232350640400525,0,0,-0.0115370278719545,1.09949163815006
sample065,0,0,0.0351146210805207,0,0,0.316003534363458,0,0,0,0,0.0411785711080364,0,0.0593721268474226,0,0.0225215485952147,0.188480243844389,0.109329898692675,0.0367699970677194,0.191229458400565,0,0,0,0,0.112231178500909,1.02843683344108
sample066,0.263714111314122,0,0.0736727454780194,0.0530819166594294,0,0.119186993516212,0,0.0775497748983578,0.0394297977007641,0,0,0.0224990107187948,0.00679673917007194,0.103372189065132,0.0385874379225004,0.140677073496994,0,0.012577157341676,0.0396641207500509,0,0,0.00919093196787437,0,0.430511872018866,0.902330193700363
sample067,0.00906401176038774,0,0.0498406367655227,0,0,0.248624196881679,0,0,0,0,0.0422363147733012,0,0.191702754590414,0,0,0.357480258481637,0,0.0507702670711995,0,0.00807222616346008,0.0422093335123993,0,0,0.0517366150620624,1.06243046954293
sample068,0.0444994524842321,0.0787180260619007,0,0.115021648523668,0,0.310075450188645,0,0,0,0,0,0.0608098465110773,0.0700893168261368,0.140794725773925,0,0.0604247367640785,0.0206925007457492,0.0763132524509866,0,0.0190282173581671,0.0035328263114336,0,0,0.163209191317978,1.02396414687045
sample069,0.0595248490606136,0,0.0129492875593476,0.0773124106656776,0,0.260938602003199,0,0.00419540057786992,0.00935106160159134,0,0,0.0370794836774331,0.0571908080914282,0.0385778207837433,0.0505274271531098,0.137659704775475,0.0236179089918244,0.031112672787614,0.19541617463086,0,0.00454638764021293,0,0,0.109956861767373,1.03276600624953
sample070,0.0405107814035205,0,0,0.0139994281523729,0,0.131662515201503,0,0,0.0180785063033156,0,0.0346968702778338,0,0.0311280027563871,0.312086631256257,0.0120633233072365,0.29663676069329,0,0.0510356474919036,0.0425998821137419,0,0,0.0155016510426389,0,0.231913775037264,1.00648994476785
sample071,0.00701129719176607,0.0259673056586599,0,0.0358039668041843,0,0.106170592604428,0,0.00408647310464503,0.0400913058190681,0,0,0.0426838199362474,0.0939583733242541,0.228355818895569,0.0345713238453587,0.215181468391484,0.030465181311647,0.0167641073762045,0.0552830688470583,0,0,0.063605896889426,0,0.186196522604855,1.01456799359372
sample072,0.152627308993662,0,0,0.0931710079059455,0,0.171858138372654,0,0.00943902367613301,0.0215441677423723,0,0.00162964866686481,0.0126785619348018,0.0978016102682532,0.0930901583486558,0.0212689625767883,0.239042440870531,0.0232634876159179,0.0132830669322961,0.0493024160951245,0,0,0,0,0.287676175381455,0.963845909088293
sample073,0.00128483111931842,0.0124544379490182,0.0222734704654771,0,0,0.289142587897843,0.00508631373902702,0,0,0,0.0369281677872004,0.00618279610140355,0.0899739482550125,0.12218879610892,0.0160208649650833,0.23954127772539,0.0179921655515093,0.0159300384816531,0.0965754458949128,0,0,0.0284248579582314,0,0.0604139538217617,1.05326514456064
sample074,0.0699682682930385,0,0.0188222335716787,0,0,0.281862785079127,0,0,0.0388547107948653,0,0,0.0548391809618362,0.0301551277394313,0.351056801721855,0.0282812745228331,0.0708378378592058,0,0.0291396545028036,0.0261821249533256,0,0,0,0,0.141038155645633,1.04166823020584
sample075,0,0.0187621554963328,0,0.0670982887749593,0,0.302951399698806,0,0,0.00805719173372712,0,0.0345741364497107,0,0.0695433813910629,0.104926394309623,0.0492717944382155,0.239805549396371,0.0293236281012054,0.0371576814201905,0.038528398789795,0,0,0,0,0.108386935379684,1.04096117645404
sample076,0.0421289585747008,0,0.00315292514529073,0.0948728787870412,0,0.283317141250816,0.0258360822271516,0,0,0,0.0594554953152419,0,0.0115127923221186,0.0877215608496441,0.1126501353515,0.239244638768024,0.003753169115556,0.00191953372862615,0.0344346885642885,0,0,0,0,0.0595597202528815,1.06652690526444
sample077,0,0.0311261963969714,0.0086190098669586,0.115405807541565,0,0.209915279592953,0,0,0,0,0,0.00637331963457549,0.0434230545785981,0.218096972016921,0.00913198371568729,0.0826171289435607,0.0122103418567296,0.058517045209138,0.204563860646343,0,0,0,0,0.0402026272336498,1.06718379870442
sample078,0.532564255029612,0,0,0.0467940851286347,0,0.170600327576439,0,0.0342700321315635,0.0513825902732278,0,0.00391993790053739,0.0151693749621892,0.0450957367023257,0.0165491849984146,0.00400240758408462,0.0314633197363891,0,0.023376542454034,0.0248122055225481,0,0,0,0,0.561987251170089,0.828483019029405
sample079,0.0405300302555127,0,0.0398459755919033,0,0,0.273588681514308,0,0,0,0,0.0301138787243747,0.0154912413967956,0.0503840332459877,0.067451465117242,0,0.27369390644685,0.00341183346999687,0.0259094911382693,0.178752270517865,0,0,0.000827192580894917,0,0.126514201672724,1.0259609746526
sample080,0.0401994822377249,0,0.00508370152610779,0.0624880521995553,0,0.138998935803437,0,0.00896942203060275,0.0332172251329742,0,0,0.0879863968957053,0.0696735123834899,0.114198214706975,0.0183459033178744,0.32641463701782,0.0108413134692875,0,0.0584543710304449,0,0,0.025128832248,0,0.125183345529928,1.03603360706903
sample081,0.000411919880701571,0.0129461763318805,0,0.0423667113057442,0,0.374084229605893,0,0,0,0,0,0.0402137010653753,0.0799540430938843,0,0.0126339503571395,0.259150093957537,0,0,0.108498210470701,0,0.0697409639311444,0,0,-0.0260654355420623,1.09295124391169
sample082,0.488136421837465,0,0.0746621442221888,0.0575090333395991,0,0.105422941858788,0,0.00684909985844945,0.00537279390190539,0,0.0237819561600194,0,0.0161885300432767,0.0342908387193706,0.0216302587311727,0.122764580926489,0.0297016558257744,0.00442025899458752,0.0092694855809141,0,0,0,0,0.607080583333708,0.793900857138126
sample083,0.0543569041727741,0,0.0192739278391813,0,0,0.338329505712603,0.0315010265658085,0,0,0,0.0195994118597055,0.00297594925636537,0.0589562123220074,0.0757155306319403,0.0858156613459775,0.125362399902536,0,0.0544783097572172,0.0474230547496505,0,0.0490210381561383,0.0371910677280951,0,0.185523882745555,1.00463558956666
sample084,0.0830388378716665,0.058188494807261,0,0,0.064893428293075,0.317235828473053,0.00188537433198083,0,0,0,0.0253108676439892,0,0.154019045674031,0,0.0789907047130585,0.113459022642528,0.039051601276523,0.0104115445490351,0.0533883956077108,0,0.000126854116088037,0,0,0.378760365251075,0.92526584324567
sample085,0.00455019834002221,0.032708021530828,0,0,0,0.202251358573522,0,0.00453357163766669,0,0,0.0104727370370034,0.0075567394330354,0.0134861308378343,0.182605911064441,0.0488120907439032,0.394711834475748,0,0.00902399396890211,0.0892874123570937,0,0,0,0,0.200398596892461,1.0129004995635
sample086,0.0396571462023432,0,0.0164185821731226,0,0,0.307947424376849,0,0,0,0,0.0610277090836826,0,0.0377826142700881,0.216302535508772,0,0.0750443029761852,0.0706641875326187,0.0865429342745994,0,0.00854633130691461,0,0.0800662322948249,0,0.103096362202438,1.04598990365418
sample087,0.0783730951491034,0.0673492655166278,0,0.0149357553277254,0,0.252964026755852,0,0,0.0362588029195272,0,0.024797677133571,0.012183847742037,0.0190540151479248,0.0549385979556986,0.0139276023876938,0.151518913557754,0.081651162576844,0.0772990816639676,0.0793200618030756,0,0,0.0354280943625984,0,0.194089228413525,0.997536032338283
sample088,0.0327873119814789,0,0,0.00592350796176083,0,0.205948104563193,0.00814982503090726,0,0.016381243983264,0,0.0412235590498267,0,0.100722134382885,0.123982219285993,0.0286136452279431,0.380335584273354,0,0.0314901148005911,0.0244427494588033,0,0,0,0,0.285189667075873,0.970385879758812
sample089,0.0603627762661825,0.0553706015598178,0,0,0,0.280744691760915,0.0204520865019625,0.0109161158033518,0,0,0.0778929099872479,0,0.0215149291207648,0.141999315424191,0.102529929108468,0.183851195237277,0.0134729836646394,0,0,0.000137051432132185,0,0.03075541413305,0,0.16220357709907,1.01986814530505
sample090,0.112405330100592,0,0,0.047805152809846,0,0.135464251431165,0,0,0.0328328479755617,0,0.00355320778410099,0.00647260016114951,0,0.2180840760221,0.0255345479786957,0.294594408554568,0,0.0415540435730608,0.0808851896994373,0,0,0.00081434390972288,0,0.199150231555919,1.00807256430241
sample091,0,0,0,0.0131102137019245,0,0.266045494003272,0,0,0,0,0.0451420701854394,0,0.0691162267550086,0.402728017436067,0.0245948063528624,0.117310052669797,0,0.0520718931612928,0.00468643434147601,0,0,0.0051947913928607,0,0.105549357068471,1.07316839358741
sample092,0.0100692174096601,0,0.0401819907765924,0,0,0.281424302305789,0,0,0,0,0.0563611596158267,0,0.0354565240658873,0.205305167409319,0.0484359704530425,0.215162813776923,0.0305738265749824,0,0.056280333289456,0,0,0.0207486943225218,0,0.107314091729736,1.04153569735511
sample093,0.1043049392394,0.00199203544835853,0,0.0568773654026155,0,0.416791292172477,0,0,0,0,0.0400638930030471,0.00803168948407573,0.0462228760622278,0.0128038193827927,0.0514422039656787,0.197692154861883,0,0.0164047535874876,0.0429558830871851,0,0,0.00441709430277147,0,0.227890462626808,0.995733246584502
sample094,0,0.0356138487196093,0.011795765219956,0,0.0605321043487647,0.393982435359085,0.00230031613850787,0,0,0,0.0262293811741923,0.00139907285979902,0.0485048343727389,0.117706355279077,0.00809404793082954,0.156142604866046,0.0210023147196802,0.0269089275094231,0.0589898759863336,0,0.0282323293716176,0.0025657861443399,0,0.110102792410609,1.04186431936154
sample095,0,0.024206122495428,0.0309170520362115,0,0,0.329621817411812,0,0,0,0,0.0569007831409491,0,0.0460244058970999,0.072935410069782,0,0.300798642657437,0,0.0672669186861454,0,0.0194253830783013,0.0425152711680245,0.00938819335880938,0,0.0364784341428102,1.06675486789828
sample096,0.0693830704658575,0.016550102498565,0,0.0395111804021526,0,0.202762038028978,0.0318674097662238,0,0.00618729655977515,0,0.0524628686765672,0,0.0252506242576634,0.134457368045397,0.151324889392642,0.187944140569996,0.0105883323213416,0,0.0583519701119169,0,0,0.0133587089029243,0,0.162153054728672,1.02098185373749
sample097,0.0791863968478491,0,0.030725934621232,0,0,0.295937546486545,0.0111515924373465,0,0,0,0.0352384161748561,0,0,0.0958333062408331,0.0446477059920614,0.353328370089593,0.00386483353986843,0,0.0317205255792387,0,0,0.0183653719905763,0,0.171980965812398,1.01540407394272
sample098,0.0475666707223443,0.0468818342934817,0,0.131579883219193,0,0.24337350604706,0,0,0,0,0,0,0.0274031410076186,0.122579022089956,0.0256974196860016,0.238006945302461,0.0039372572345901,0,0.103962787355527,0,0,0.009011533041766,0,0.17512185665396,1.01205834646628
sample099,0.269626366675248,0,0.0385349296438185,0.0698833408765445,0,0.176815402553064,0,0.0125854152930198,0.0434359078226239,0,0.00484215046224226,0.0302852731246029,0.0289243652921078,0.0905913701106321,0.020551104232985,0.12153198012956,0,0.0315170429445393,0.0608753508390124,0,0,0,0,0.377601586831326,0.92773687074533
sample100,0.128621200227723,0,0.0441323687109612,0,0,0.263578339392318,0,0,0,0,0.0217356678141833,0,0.0390389458916903,0.151035888197241,0.00287172721597834,0.238946703789302,0,0.0138718998257419,0.0852806730637453,0,0,0.0108865858711156,0,0.18479849978621,1.00731079923266
sample101,0.0386523194671969,0.00287183322969715,0.0243748933534698,0,0,0.318079451635446,0.0110903768818687,0,0,0,0.0528551174995549,0,0.0161778099706392,0.072110273841498,0.107356410633107,0.118431039321917,0.0362998930097475,0.0181143321366626,0.0926588413258411,0,0.0175151056856506,0.0734123020077041,0,0.107471524504057,1.03504257428393
sample102,0.0856161674451148,0,0.0157540503788316,0.0695030360554362,0,0.130458846474081,0.00443121965926671,0,0.0271317706099387,0,0.0222142014311918,0,0.170699586037852,0.357296346360301,0,0.0815729575539986,0,0.0217916389429943,0,0.0135301790509927,0,0,0,0.348674608381262,0.94484744567506
sample103,0.0191644827888892,5.93858299913656e-05,0.0335720202342581,0.0206354451310412,0,0.229127970572278,0,0,0,0,0.0249667064057514,0.0342021699704606,0.258874740071392,0.0535724345452565,0,0.128856743642112,0.0326823060442929,0.0157880224528205,0.126694049483518,0,0.0218035228279382,0,0,0.137080289801517,1.02145224583167
sample104,0.0109224448276738,0,0.0131000201590999,0.0366892576297329,0,0.225758964947847,0.0585371972440682,0,0,0,0.0718676307546882,0.00294165422604318,0.0164246479783173,0.193798422199181,0.106982775916826,0.206723499452358,0,0,0.039374491843799,0,0.0168789928203656,0,0,0.0966492227823669,1.04943978555759
sample105,0,0.0158028140393508,0.161042791288689,0,0,0.371834862018235,0,0,0,0,0.0167723419961549,0.0478214696410035,0.0140601828859923,0,0.00711337635040926,0.199292928942724,0,0.00240900468176638,0.147868711164245,0,0.0159815169914303,0,0,0.271177878310239,0.975240241754037
sample106,0,0.00321887317086215,0.0215728291766882,0,0.0357735405662623,0.257786147436396,0,0.00509562986371558,0,0,0.0539345349536997,0,0.0346562956668484,0.0595589303122378,0.00350405920577242,0.25148380971386,0.0159862978637544,0.105146618056152,0.050744990292816,0,0.0863796837105409,0.0151577600103938,0,0.0401287354870515,1.05856061660885
sample107,0.104038493160622,0,0.0131008833792393,0.138407775022136,0,0.239212554003463,0,0.00815950346417562,0.0453102800655733,0,0.0232243132153643,0.0133774311232983,0.0214911383567208,0.0839754298557582,0.0460363158436552,0.173421525046199,0,0.0498780409206079,0.0366591528230878,0,0,0.00370716372009967,0,0.200808337904254,1.00434344461817
sample108,0.044621833020602,0,0,0.0180689157692134,0,0.339534400366285,0,0,0,0,0.0298252884946348,0.012533711022047,0.115186719177388,0.0631225031241985,0.0264228765847901,0.216471363071288,0.0533357622579919,0.0157517631193261,0.0628219292804755,0,0,0.00230293471175979,0,0.148085591099073,1.01956715296118
sample109,0.0822814095752145,0,0.00620566333403399,0.0664909129253713,0,0.293708915163403,0.0313955073158993,0,0,0,0.0446575556393153,0,0.0360926589600492,0.0427984577287206,0.0229380581948204,0.24550781664445,0.0271526656936537,0.0224527504184909,0.0607890272159106,0,0,0.0175286011906678,0,0.213512915153399,0.993315764029665
sample110,0,0.0183646123379587,0.0366804544429228,0,0,0.261441359086061,0.00326711436703065,0.00871618176053233,0.00364720864134097,0,0,0,0,0.117938921356428,0,0.0919886663123182,0.00292976850317893,0.0289136336439882,0.05851735243153,0,0.0371485047077575,0.330446222408952,0,0.129390166461875,1.0661504999617
sample111,0.0434571260296451,0,0.0197251204688861,0,0.00176777625892929,0.216603436576618,0.0210759637756962,0.0161105350101695,0,0,0.0328220392214687,0,0.000489145680115412,0.107933890910181,0.103634747358926,0.189962562029401,0,0.175175254329613,0.0596723771845109,0,0,0.0115700251658394,0,0.114131530216269,1.04550630812518
sample112,0,0,0.00431801610690627,0.00108086617256684,0,0.144236189886303,0,0,0,0,0.00498104929810795,0.0282568917274748,0.132305127705347,0.0951097411625996,0.0826716485500675,0.31108391397933,0,0.0671644945139144,0.075481496089623,0,0.0116859712676336,0.0416245935401254,0,0.202545544599134,1.00671782913438
sample113,0.017704028075048,0.00145311493044932,0.0024079543618564,0,0,0.416509423584457,0.00904081099352064,0,0,0,0.0363722937477876,0,0.0138133475107508,0.019862363235813,0.0934306898528711,0.179844603866534,0.0772384880683051,0,0.0711836216819607,0,0.0275801428496128,0.0335591172410341,0,0.123494644565297,1.03344960081982
sample114,0.0944352140974903,0,0,0.0503851126422993,0,0.166263281096057,0,0,0.0181192795540084,0,0.0317964438998893,0,0.0232013720509223,0.140625777767511,0.0384698120207677,0.341893586477094,0.0239862182873517,0.0421826427225333,0.0285385132969368,0,0,0.000102746087139587,0,0.191958569363322,1.00886634514002
sample115,0,0.0409674838449412,0.00154419746915285,0.015907491785668,0,0.28273324301714,0,0,0.0353687724651558,0,0.0337440787596257,0.00202782359101702,0.0114974216838879,0.200049628120359,0.00569893345988832,0.266883815817609,0,0.0731367757356588,0.0261272167102815,0,0,0.00431311753961456,0,0.100610810154786,1.05164842444962
sample116,0.0611933466499914,0,0.188622552401956,0.0243799550198285,0,0.239141407033432,0.0189081255280247,0,0,0,0.0537158683709509,0,0.0419155475429054,0.0432636592902953,0.043679908327489,0.254586267274947,0,0,0.016444829882819,0,0.0141485326773609,0,0,0.355864925447317,0.93801999153783
sample117,0.064079748279611,0,0.00248037978240497,0.0380830757150426,0,0.37262817575944,0.0229455903437726,0,0,0,0.0555704434666311,0,0.0344415108543923,0.0188704820101894,0.0616582919619474,0.220202770455309,0.0485210235749556,0.0261238065365694,0.0339610732981102,0,0,0.000433627961623648,0,0.140340698639192,1.02712930501058
sample118,0.0664903747707553,0,0.0113841682814978,0.0780755554403749,0,0.175720893853029,0,0,0.0432208956997847,0,0.0121572690047326,0.00714396376580664,0.111220697707353,0.197728686078163,0.0219095654225152,0.18892002162462,0,0.00889326725290282,0.0771346410984656,0,0,0,0,0.168134229981767,1.01432226543934
sample119,0,0.0358937604170018,0.0268474572717487,0,0,0.284221568711487,0,0.0104561692478219,0,0,0.0705187027007926,0.00383130161638592,0,0.322732692925196,0.0622518405408891,0.0893662242991537,0,0.00302718877373931,0.0273089147928634,0,0.00174940209455231,0.0617947766083686,0,0.0201792426905566,1.09233090322213
sample120,0,0.0108248219858157,0.0150361183599647,0,0,0.254915646517853,0,0,0,0,0.030506638401133,0.00756961753951629,0.0887494532744994,0,0.0763524603865671,0.39503319529625,0.0427226154156119,0,0.078289432822789,0,0,0,0,0.150252336347152,1.02299425207185
sample121,0.0563663819105129,0.0357229187128887,0,0.0176716811692618,0,0.193077110302756,0,0,0.0730660273164328,0,0,0.0929727120916364,0.00678093110726512,0.291297642045952,0.0211596246594019,0.0911183565707027,0,0,0.12076661411319,0,0,0,0,0.0438532383785404,1.07460121579751
sample122,0.0685394093789185,0,0.0102677519543657,0,0,0.220130296514174,0,0,0.00329748058744846,0,0,0.0129755026586303,0.0279798446204568,0.389054043906541,0,0.184943690740515,0,0,0.0828119796389511,0,0,0,0,0.181961017065784,1.0323124580859
sample123,0.219385752722626,0,0,0.065889936257751,0,0.28134801780886,0,0,0.0287857045309976,0,0,0.0331479606763616,0.0228180835233706,0.0623698417904086,0.0510940527846544,0.159659773977229,0,0,0.0755008759277413,0,0,0,0,0.306818430404422,0.959209108791394
sample124,0.0506249691367179,0.0104001202288578,0.024985065160521,0.0458022962014293,0.0935665461620256,0.312106677857053,0,0,0,0,0.0332424893727971,0.049099091856277,0.0343186069484281,0.130879105860028,0.0106630033087959,0.108930158833976,0.0154567956242723,0,0.079925073448821,0,0,0,0,0.0187386969284476,1.08220485217313
sample125,0.167273843843702,0,0.0960842993053062,0.0837005498880091,0,0.0838882776337316,0.000887309005782479,0.0122073104790518,0.0371672065273879,0,0.00149977132286677,0.00882526543221752,0.059546400573372,0.0479722206346403,0.0122129788575138,0.268911791831404,0.0327036519711492,0.0057644584203836,0.0712961545926233,0,0,0.0100585096808587,0,0.478717527440725,0.879324940030579
sample126,0,0.015013470690482,0.00220270009082952,0,0,0.17092028581877,0,0,0,0,0.0287813808441222,0,0.025149157028281,0.292638298045602,0.0138586042833321,0.337011945375497,0,0.0380470869407296,0.00374053103042929,0,0.0615025770679195,0.0111339627840056,0,0.264213123553314,0.993678873344815
sample127,0.0690005640847435,0,0.000869720017412635,0.0245619456556152,0,0.353596144701028,0.0181137888613068,0,0,0,0.0716157780003469,0,0.0891469690232945,0.0158264640364207,0.015639735899719,0.188250105508337,0.049835474906909,0.0508794660270259,0.0504751406401997,0,0,0.00218870263764108,0,0.102813302791751,1.03698890594635
sample128,0.0192608562431603,0.00147444909036608,0.00687079404813211,0.0771970005159281,0,0.144866865849796,0,0.0229912631932513,0.0344233488597492,0,0,0.0511029168872759,0.0839937076544817,0.0859513575605309,0.028159817012811,0.303041611047591,0,0.00694460437224302,0.110404122299945,0,0.0207553840794337,0.0025619012853039,0,0.0233724554775504,1.06867332233897
sample129,0.0409382796071525,0,0,0.00735823516562233,0,0.119392213276815,0,0,0.0241424808337373,0,0,0.0136462864268985,0.0994504446065083,0.478404110426654,0.0101301272098407,0.143417022914876,0.0156016300928767,0.0135093413566732,0.0340098280823457,0,0,0,0,0.406146819109549,0.925569720337831
sample130,0.107768525203358,0,0.147055198399604,0.0846071077775936,0,0.269693710040295,0,0.0158582770421037,0.0605626839178629,0,0,0.0827127342499258,0.0278673668243515,0.100217743030404,0.0134207237239452,0.0508372895230321,0,0.00323953374818979,0.0129320526364068,0,0,0.0232270538829269,0,0.293658018070551,0.974188154213233
sample131,0.0506286066057314,0,0.0196716055259655,0.109585007927991,0,0.234395030199303,0,0.00793372538482507,0.0158355266660639,0,0,0.078554036310311,0.0649929122250141,0,0.0502153557010949,0.199710948535126,0,0,0.168477244918574,0,0,0,0,-0.00878010228617001,1.08378551449949
sample132,0.0188266392443961,0.0195036425061153,0.006969722244337,0.00735033733779695,0,0.15474658491006,0,0,0.0360831478388664,0,0.0111245707101977,0.0019378175610181,0.180603733717728,0.287072911408689,0,0.175699981044716,0.0333133567089752,0.0340128648374354,0.0313684567255436,0,0,0.001386233204125,0,0.189472736066691,1.01814131765681
sample133,0.00206749996879752,0.0110826972036948,0,0.0739911427727801,0,0.13118320378785,0,0.0101503980737138,0.0197672162036801,0,0.0196878003068103,0.00263665347787044,0.0379350659453484,0.142909867436445,0.0681375039509337,0.322645809378123,0,0.0975143096048889,0.0602908318890645,0,0,0,0,0.159771024679095,1.02579944583292
sample134,0.0320029192426048,0,0,0.0568167287520273,0,0.184564726390592,0,0,0.01545034565614,0,0.0302431652125095,0,0.0661859171527931,0.0766778794107882,0.0200162027640774,0.397320636585227,0.00564690195487855,0.012558346707298,0.102516230171064,0,0,0,0,0.157931346878257,1.02165588426112
sample135,0.00235234905108933,0.0109083897048884,0.00127206190742675,0.0388265565142654,0,0.220042490448287,0,0,0,0,0,0.0668927704779308,0.0306766085744909,0.145823497799829,0.0011650276769153,0.309787582122254,0.0466849258311534,0.0165802987263674,0.0746438831533061,0,0,0.0343435580117971,0,0.10502052379531,1.04622737067363
sample136,0.0661758427806659,0,0.0569112555079149,0,0,0.361102096732713,0,0,0,0,0.00179447783365596,0.0359292716293996,0.0277258570373065,0,0.0234946489840937,0.268750586015441,0.0280914651536347,0,0.130024498325175,0,0,0,0,0.199867299613874,0.999126055630976
sample137,0.0410395774065092,0.112096882621939,0,0,0,0.29777322463707,0,0,0.00158874115024103,0,0,0.0538041105176174,0.00106607706937401,0.136104749343119,0.0268561955676525,0.257408367476112,0,0.0153628087702375,0.0365011125422095,0,0,0.0203981528979186,0,0.0751426929396648,1.05452128761121
sample138,0,0.0303019324784382,0.00307969695228846,0.0272780127902727,0,0.163153645065787,0.0865940483695325,0.0349439664794064,0,0,0.0566767093259753,0,0,0.141489613007835,0.0681189675007729,0.0617736552147063,0,0,0,0.0407579627906476,0.105567543695446,0.180264246328891,0,0.117631491204928,1.04329661736058
sample139,0.17241197468143,0,0.0224326272972354,0,0,0.420180115466531,0,0,0,0,0.0703150162717258,0,0.0359907339723547,0,0.0105291911851074,0.146511814428151,0.0858328019381924,0.00852443599364957,0,0.0268525306368121,0.000418758128809534,0,0,0.247379555321168,0.986570221445013
sample140,0.0596891028924017,0,0.00486036051960746,0.0798563949630952,0,0.271153109109039,0,0,0.0541888449791382,0,0,0.0450899639086529,0.0119965441077429,0.0484982046135504,0.0399714854750311,0.307904960205712,0.0350705671531887,0.000350157379012694,0.0252313460232234,0,0,0.0161389586706041,0,0.132475539474601,1.03361741471164
sample141,0.205439589935815,0,0.180123639794381,0.0778238007040652,0,0.0932316828914151,0,0,0.0423790145911048,0,0.00220685212612856,0.0278887007476923,0.0129662131516037,0.0108469651938779,0.0101312746927235,0.296693655501042,0,0,0.0300400829114188,0,0,0.0102285277587319,0,0.329937318036745,0.959501733487878
sample142,0.0430315641326072,0,0.0153867301888245,0,0,0.159562873507146,0,0,0.0127537860502045,0,0.0198358378691176,0.0147956403018536,0.0158970969877215,0.182633840416689,0,0.403057779478485,0.0464321445250805,0.0270499047283083,0.0406054132530266,0,0,0.0189573885609352,0,0.126097599103528,1.04818434647446
sample143,0.0359339975716258,0,0.0410253417143162,0,0,0.328238304785058,0,0,0,0,0.0107687960196022,0.0123613723741937,0.157181159742231,0,0.0131978300367881,0.31606234687454,0.0236510431215943,0.0123229584980185,0.0492568492620328,0,0,0,0,0.159645560625923,1.01666425973436
sample144,0.0612576932688941,0.0386744255603416,0,0,0,0.364540395827968,0,0,0,0,0,0.0316322956365676,0.0764931771996861,0.168971964201401,0.0127509618222324,0.158891162205513,0.0190061874587522,0.0261587883482396,0,0.0243440603133428,0.0172788881570613,0,0,0.198136081539682,1.00508497274271
sample145,0.163594432716574,0,0.103200476246103,0,0,0.21132932765375,0.0298188092086537,0,0,0,0.0301481857875987,0,0.0175850447076465,0.0761952814751649,0.0199559007622841,0.133112748564346,0.0627830108844806,0.0945582570161128,0.0450686868123165,0,0,0.012649838164969,0,0.396083309170726,0.917550390620429
sample146,0,0.00504837744091259,0,0.0274459345673396,0,0.189447765643121,0,0.0410824425714003,0,0,0,0.129916360202565,0.0611634347956281,0,0,0.382137027944002,0,0.0031416762543992,0,0.151983866555098,0.00863311402553388,0,0,-0.0319154783313791,1.12207530868268
sample147,0,0.016744796926671,0.0258788531652859,0.0906843083810655,0,0.310844261989054,0,0,0,0,0.0427371156012302,0.00757913351483889,0.0747426100154089,0.101755186620095,0.00560425018170988,0.127800294187936,0.00743728705472529,0.0293502586710767,0.117748320712622,0,0.0410933229782802,0,0,0.0874435228287967,1.0439990001208
sample148,0.250649373639403,0,0.121500354693007,0.0518529658153859,0,0.208146570459963,0,0,0.0192893875797456,0,0.00229116012431169,0.0203600942764935,0.0458909577666236,0,0.107112309731627,0.0640070522104308,0,0.0143620259167632,0.0563616067007778,0,0,0.0381761410854671,0,0.28082917486517,0.983209583615309
sample149,0.0275823833817018,0,0.0142171337040005,0,0,0.214704237656961,0.0353738792305852,0,0,0,0.0327144314470759,0.00794112773445434,0.000935490258052595,0.129500629778871,0.155795174309747,0.166836789742135,0,0.106642327418272,0.0855228106337785,0,0,0.0222335847043652,0,0.133539218425712,1.0408174327215
sample150,0.110993071070505,0,0.051397050095099,0,0,0.233161805995096,0.0028698571561428,0,0,0,0.0501841796910901,0,0.0402625480548838,0.140823876150109,0.0948372738285128,0.181246356868222,0.0435389343370773,0,0.0328324716930341,0,0.00501480500000489,0.0128377700602235,0,0.257758733333498,0.976493714473234
sample151,0.0796870894618988,0,0.0114440024487831,0.0710726599083361,0,0.392497449100589,0.000855521482908496,0,0,0,0.0463838173681421,0,0.0183617271366903,0.0727823471816666,0.0950492038958495,0.137824151412628,0.0318122271534371,0,0.0328669549793637,0,0,0.00936284846970704,0,0.126380816145118,1.04003253441337
sample152,0.231340298417231,0,0.115257069885488,0.048528141575692,0,0.124223025547798,0,0.0228050397751501,0.00673741153552685,0,0,0.0564516650679522,0.0239243068343177,0.0560000397245455,0.0789235968906848,0.109042055725543,0.0333606843647464,0.0174202679916393,0.0759781140400873,0,8.28262359902447e-06,0,0,0.456744799001567,0.888758072065528
sample153,0,0.0105140943729279,0.0125087060839596,0,0,0.188707919720657,0,0,0,0,0,0.0263046449628152,0.0605530920091962,0.201870797334194,0.0465952744019794,0.275580577310471,0.000828781938099321,0.0696500601235912,0.0812269756323301,0,0,0.0256590761097797,0,0.145961997353178,1.03127483149701
sample154,0,0,0.0204384830873676,0,0,0.343483957730995,0,0,0,0,0.00957958782625163,0.00981630081790236,0.155220762779131,0.0295174569856565,0,0.210918906347944,0.0752578157059245,0.0322032852039977,0.108114830574173,0,0.00544861294065675,0,0,0.112296205408158,1.03179325387094
sample155,0.0469477983023571,0,0.0510890263766377,0,0.0022496876503799,0.329937495561196,0,0,0,0,0.0309933871852296,0,0.00355428191602434,0.123636126549225,0.00642012397085824,0.269655550670274,0.107390769860546,0.0013417457423975,0.0267840062148742,0,0,0,0,0.188128953436977,1.00862061120638
sample156,0.120347425981976,0,0,0.0182767056223281,0,0.2698770231826,0,0,0.0121886179418765,0,0.0276111382299399,0,0.00668383455286327,0.130116096036978,0.067277487961294,0.27062298868944,0.0141648055311859,0.00245975461306363,0.0603741216564539,0,0,0,0,0.143339545047433,1.02553000604522
sample157,0.132188393741708,1.52447709167084e-05,0,0,0.0447463988384455,0.196535374998027,0,0,0,0,0.0387606856626089,0,0.124454223775087,0.203218576867318,0.00586743592864653,0.130174365575506,0,0.044620598907002,0.027146183185292,0,0.0466013653321247,0.00567115241731799,0,0.274001867683432,0.97043977798698
sample158,0.0664045712166353,0,0.0201901262152013,0,0,0.424602282064495,0,0,0,0,0.0163545753256422,0,0.0891426904590267,0,0.0366915741443339,0.276469967407025,0.02681047387528,0,0.0251511388486669,0,0.0181826004436938,0,0,0.120654878758825,1.0361038682898
sample159,0.476966175219371,0,0.0115522524221213,0.0828879049201615,0,0.137952216068727,0.0188357610401074,0,0.015104090848735,0,0.0199329804805467,0,0.025828561401295,0.0437546830458135,0.0010044003705562,0.0658819352680877,0.000216117039318592,0.0510235822219886,0.0490593396531699,0,0,0,0,0.65052477331118,0.763700507401579
sample160,0.0931476065051411,0,0.0174005312759443,0.0439764472572616,0.049641456414096,0.210226136406925,0.0014377148577863,0,0,0,0.0100686774822664,0.00524580402404169,0.0875564408961178,0,0.00718569317133518,0.214197300640029,0,0,0.250777485434714,0,0.00589398028027173,0.00324472535406948,0,0.213042468134161,0.995002994911993
sample161,0.180520480418928,0,0.0315326011479853,0.0635331974057031,0,0.247877849033293,0,0,0.0140541244748982,0,0,0.0084765591855335,0,0.118155831052679,0.0018346932501951,0.234293406815707,0.0204816087267216,0.0177070879904106,0.0399796944622552,0,0,0.0215528660356903,0,0.252767407815966,0.982161344292404
sample162,0.116160707582747,0,0.00440710492025701,0.0451415747717614,0,0.308652743614259,0,0,0,0,0.0262186543411349,0,0.0471529061878707,0.153403215147007,0.0591511220950252,0.175749399148216,0,0.00624942050481341,0.0519237537963295,0,0,0.00578939789057921,0,0.233694199570193,0.988217906698493
sample163,0.0919445916429993,0,0.00828335243076223,0.0636989568041747,0,0.199020865741716,0.000409995334090901,0,0,0,0.00959886519197109,0.00820631686498407,0.0402571473585499,0.180873207341788,0,0.298729605604736,0,0.0204019608966531,0.0713770718109692,0,0,0.00719806297660476,0,0.358535420082257,0.935655807637545
sample164,0.142430452242823,0,0,0.1008045949081,0,0.289181478385473,0.00394402749479172,0,0,0,0.0106509517639654,0,0.0200873316325838,0.0605158489997329,0.0221933125996207,0.248125266496748,0.0353784542243779,0,0.0591965471031188,0,0,0.00749173414866457,0,0.314753979770298,0.95386764869722
sample165,0.121382680992128,0,0,0.127987001537615,0,0.234357818519791,0,0.0205356558704913,0.0154707522493931,0,0.0711798092018229,0,0,0.16093567533801,0.0722458045502837,0.132469511643044,0,0.0361660414719756,0.00726924862544531,0,0,0,0,0.165702141407216,1.02474029591714
sample166,0.309167069710213,0.216985611736747,0,0.0722213244048404,0.0215067279090684,0.193724073202555,0.0198942825810729,0,0,0,0.0449098323493939,0,0.0116566065561271,0.0191944428711342,0.0190092447090772,0.0419116309849026,0,0.0298191529848685,0,0,0,0,0,0.691931799326053,0.728350197009568
sample167,0.346501887318398,0,0.0295181418718116,0,0.0530691762946363,0.162253296104933,0.0157406285697145,0,0.00706596630896031,0,0.0572329259020224,0,0.0263253124388231,0.16536314754313,0.00597971656129242,0.101364946575614,0,0.00970340581568819,0,0.00628655075457364,0,0.0135948979404028,0,0.432699712862451,0.902641367767861
sample168,0.0141764666237031,0,0.0464598918087686,0.00723728002834628,0,0.273389511088034,0.0211416670297043,0,0,0,0.014935077299726,0,0.0946405292405918,0.0845823295638091,0.0257724509835304,0.193576535021179,0.0620685512699475,0.0474566805888396,0.0607186934390847,0,0.0403895038940761,0.0134548321206597,0,0.133290590626378,1.01954135644528
sample169,0.127989167438845,0,0.0585925018054577,0.118057216144808,0,0.245276719781322,0,0,0.00244138643222147,0,0,0.0249932151351933,0.0861802297696359,0.128875350954227,0.0230996689404335,0.0413502419391301,0.039013814180756,0.0115214565832596,0.0861487811131363,0,0.00646024978157333,0,0,0.279438994452379,0.967816056696253
sample170,0,0.0711814566475194,0.00381400104844765,0,0,0.380141788377044,0,0,0,0,0.00935057898780852,0.00742966128147788,0.0653392677939413,0.00173344414527245,0.0377599648258455,0.234408132996988,0.0553973092712065,0.0303162648051455,0.0879307792095497,0,0,0.0151973506097543,0,0.112519400978139,1.03211321773838
sample171,0.0460892459817194,0,0.00440777349474542,0,0,0.287064956352341,0,0,0,0,0,0.0145394932526617,0.169468329792202,0.0221061580460959,0.0147469808789203,0.159512834908567,0.0840426923456832,0.0721479883280455,0.0632892640381497,0,0.062584282580869,0,0,0.0662081696360297,1.04456734825359
sample172,0.105221467211963,0,0,0.0417874984288317,0,0.295728100978346,0.00285056102953103,0,0,0,0.0220680876929786,0,0.0263468008673551,0.119921086471131,0.0836157460494678,0.15599098584191,0.0404996205804274,0.00685690659665876,0.0821936151293563,0,0,0.0169195231220432,0,0.168098428056873,1.01217193418016
sample173,0,0.0340170931923671,0,0,0,0.182064757145811,0,0.00411080602684468,0,0,0.0321694636329699,0,0.0322416564359613,0.231380819355072,0.0218658897160426,0.363071942901451,0.00306449728614606,0.0409960193612777,0.0422465466031334,0,0.0127705083429228,0,0,0.140483338376107,1.04378731030332
sample174,0.0924004031760265,0,0,0.057117987998398,0,0.338330652723851,0,0,0,0,0.0544099016142331,0,0.0297448304311198,0.101669980819438,0.0467721166449585,0.169812321002328,0.0444893356907864,0,0.0652524698988605,0,0,0,0,0.19708713302525,1.00269163344773
sample175,0.115858433385939,0,0.0461681012938069,0.012602177313411,0,0.410441743601781,0.0210454394718371,0,0.0129522974094564,0,0.0672261149761487,0,0.0155567320025875,0,0,0.146997134664569,0.0721090267005424,0.0556519485022946,0,0.0233908506776266,0,0,0,0.0558750861739414,1.06616137032895
sample176,0.0372304312047684,0,0.021334647200128,0.102299475548637,0,0.279774095408761,0,0.0140854877318462,0,0,0.0450557806243048,0,0.0206768303686628,0.146122220648568,0.039003566541512,0.207630479278748,0,0.0262114505373713,0.0563196529020721,0,0,0.00425588200462033,0,0.0339212348822502,1.07133333207708
sample177,0.00436245645861362,0,0.0661678861451992,0,0.0231868709333393,0.173390952737185,0,0,0,0,0,0.0478457979908334,0.223077116101102,0,0.0028439123075138,0.222848226355713,0.00817930869462388,0,0.211406948690045,0,0,0.0166905235858317,0,0.148654767639817,1.02048380337002
sample178,0.0943532581811815,0,0.00249995912848268,0.0931957179735437,0,0.159795115534062,0,0.00222430066957839,0.0527585949716349,0,0.200329052404968,0.0104742894417867,0.123032585759666,0,0.0104370879609293,0.183387215799845,0,0.0244487267755802,0.0430392236990174,0,0,2.48716997235146e-05,0,-0.0217035767191069,1.10200825618611
sample179,0,0.0840705919407081,0.0063171674286369,0,0.0135898340487176,0.329521263336568,0.025931276037544,0,0,0,0.0383645406005685,0,0.0170909873479293,0.19860147121971,0.021292496442388,0.17738002289987,0,0.00564451842511153,0.0358614828567973,0,0,0.0463343474154514,0,0.161058204961549,1.0209851179763
sample180,0,0.0537967473748357,0,0,0,0.375445871104033,0,0,0.0087163233627397,0,0.0314651672076582,0.00255197180526726,0.0526800922235594,0.0467005281182162,0.032682237893948,0.297079829705836,0.00995363368485826,0.0484068253969238,0.0405207721221246,0,0,0,0,0.0318104039216363,1.07028192776839
sample181,0.107561662724381,0,0.0096692322487323,0.0559554156084807,0,0.2911413160411,0.0172208400583576,0,0,0,0.0507453404476629,0,0.0529636742471125,0.0443469546257945,0.120357251277408,0.141052647272326,0.0197550067676825,0.0450668965693093,0.0441637621116529,0,0,0,0,0.186392270405334,1.00934593829999
sample182,0.094169923385543,0,0.0370739727796123,0,0,0.373405668771883,0,0,0,0,0.0429578802980532,0,0.0100507965869207,0.0169375743548243,0,0.0946013155571166,0,0.0851993601151201,0,0.0177089925959459,0.108651417767299,0.119243097787682,0,-0.0580841446806941,1.10718745738824
sample183,0.308694585560006,0.284164827570683,0,0.152551312417657,0,0.0730501340414637,0,0,0,0,0.0596155743787364,0,0.038301854775304,0.0139178355278982,0.0140979804411933,0.0466830430467042,0,0.00283579751388558,0.0022280335129682,0,0,0.00385902121349959,0,0.711311481631921,0.706759052822835
sample184,0.0357868844513693,0.0398196507977353,0,0.0221415361710916,0,0.243072144795075,0,0,0.0328204280351815,0,0,0.0469100010563195,0.0555005614360699,0.095609426681508,0.0362160180014594,0.332526717599717,0.00665158152571389,0.00195853586532204,0.0226762961706364,0,0,0.0283102174128008,0,0.109003893719025,1.04194744324733
sample185,0.0798747467191882,0,0,0.0276370143235417,0,0.347396445254707,0.0159818302529783,0,0,0,0.0416108351267351,0,0.0389199187911616,0.118709705763212,0.0520151620207245,0.241131213510725,0,0.00241168191248976,0.0313508277239179,0,0,0.00296061860061845,0,0.168062923521532,1.01711135479919
sample186,0.0714342095314974,0,0.0234277574272567,0.0348721072488936,0,0.249833856472759,0,0,0.0248949720680715,0,0.0440765426323632,0,0.000959422775354904,0.201914577483702,0.00435750650140965,0.207604661863432,0.0727312804872336,0.014149687925365,0.0497434175826616,0,0,0,0,0.0419283180947078,1.06788579441497
sample187,0.127046722592199,0.143718880648061,0,0,0.046013979836755,0.32298989805701,0.0310462009282748,0,0,0,0.0354144177557755,0,0.023613997911905,0.0423293038644931,0.0768777733016253,0.0824104720391277,0.0216305273808568,0.00930641534835527,0.0356755083725043,0,0.0019259019630569,0,0,0.432165589099573,0.901129897406504
sample188,0.25546471369994,0,0.109449814167453,0.0270682641812246,0,0.304057619196134,0,0,0,0,0.0122070984635043,0.0216454903959024,0.0415894266712719,0,0,0.113718097451981,0.0303208500502378,0.0414574828278241,0.0232516315400706,0,0.0127075390905324,0.007061972263923,0,0.0705164654663016,1.07949138791855
sample189,0.00974329509628007,0.0208897504209884,0,0,0,0.245580273293016,0,0,0.114765929585505,0,0.00261619274477882,0.0503322468496349,0,0.312200596252547,0,0.121146698246867,0,0.0437464209984961,0,0.078978307280887,0,2.89230999877019e-07,0,0.000417909258550143,1.10896857305826
sample190,0,0.137850987801623,0.0294605674859114,0,0.0565386248073907,0.162830059898361,0,0,0,0,0.00975392256883863,0.0139826245000485,0.123424179101202,0,0.0206380211033331,0.382272623081865,0.00387476771116788,0,0.0482350198190511,0,0.0111386021212071,0,0,0.288527396613667,0.964815289304671
sample191,0.00135870497229169,0.00404153358980738,0.00946249171748904,0.085928571314255,0,0.119602907055195,0,0.0110409225059351,0,0,0,0.0575601078998029,0.0106703291549292,0.155463436770092,0.130262831178784,0.150037202070133,0.014495593135053,0,0.103694986725353,0,0.0379925676942021,0.108387814216677,0,0.133313190258765,1.03658422417667
sample192,0.0243430662793526,0.0617268967504291,0,0,0.0304102499862054,0.161824636965144,0,0,0,0,0.0382177909752068,0,0.0972308570041579,0.191209760041327,0.0274278997628483,0.260011219015245,0.0102049624116838,0,0.0809394863530477,0,0,0.0164531744553522,0,0.150783910882099,1.02382005535905
sample193,0.135955978078128,0.129059800064841,0,0.0182322771935565,0.021728080092831,0.363979128981083,0,0.0183061481206391,0,0,0,0.028275382936979,0.0289740126474806,0,0.0218296680165998,0.167357901162452,0,0.00985866851026616,0.0564429541951433,0,0,0,0,0.417423869146473,0.908866174539148
sample194,0.0769957837124841,0.0551551497568359,0.000910936011779036,0,0,0.237813502050865,0,0,0.136357430273156,0,0.0120890761559719,0.02922769475929,0,0.146141103526101,0.0468313113666429,0.198745108308748,0,0.0116332113498836,0.0480996927282438,0,0,0,0,0.145889428451144,1.02683921963567
sample195,0.122437063633451,0.0576259050580017,0,0,0.0280484605858329,0.298047385063986,0.00726176898199458,0,0,0,0.0409954835856199,0,0.0820147697962843,0,0.0145325821950502,0.160995435263013,0.0876535687354445,0,0.0684826569643884,0,0.0319049201369339,0,0,0.270156426889573,0.969606112406316
sample196,0,0.0230712637011329,0.000687916059363489,0.055763106695392,0,0.166739648876047,0,0.0140733012004103,0.0515360668753416,0,0,0.100685831581098,0.0309901792791953,0.020115013720533,0.0234479880807895,0.225044656355775,0.00631944682258229,0.166983342367908,0.103086797942768,0,0,0.0114554404416633,0,0.099388093317956,1.04360807830654
sample197,0.0422668885670698,0,0.0637730596220623,0,0,0.109302634757756,0,0,0.0274648012451835,0,0.0388387470989367,0.00392749953085301,0,0.403217168201464,0,0.173506875543551,0,0.0509601927623132,0.0867421326708099,0,0,0,0,0.099130105494751,1.07145459337452
sample198,0.0598239563585426,0,0,0.0773784553672965,0,0.19435207435357,0.00443115413838119,0,0.00670725855490094,0,0.0127886782493648,0.00357412536466046,0.101919423595965,0.0943087669326032,0.0791695177121725,0.265481224683837,0.0320793125700391,0,0.039305507259075,0,0,0.028680544859592,0,0.198232752702883,1.0021134613836
sample199,0.106001880559927,0.0951951274756108,0,0,0.0997658973682601,0.333019244088921,0.00319249322218915,0,0,0,0.0439072063966873,0,0.0509496251189821,0,0.0223695664891004,0.159902857785078,0.0232131725790702,0.0311724070868442,0.0198827541338548,0,0.0114277676954754,0,0,0.373229679360151,0.929291287177276
sample200,0.117835725474263,0,0.032141723601598,0.0830408408631841,0,0.307852853866248,0,0,0.0114388702520457,0,0.0487150102604194,0,0.0100831513988377,0.0856105941617432,0.04027229903757,0.192221374652165,0.0431976225319845,0,0.0275899338999417,0,0,0,0,0.227030807368501,0.992293563110868
sample201,0,0.00512399752618506,0.0214956686055675,0.0605421973448792,0,0.245415479740955,0,0,0,0,0.0173398769615572,0.0193321325486666,0.046984693663334,0.258965859231666,0,0.158733059077263,0.024870158204843,0.0354948614467168,0.043803324753703,0,0.0401813379900762,0.0217173529045876,0,0.0598293339244493,1.06672349914032
sample202,0.0299265898863092,0,0.00829373030724175,0.122782445251875,0,0.314118705456565,0,0,0,0,0,0.0179128360110422,0.0895146989890949,0.0215311490095381,0,0.20695691407918,0.0409138153188441,0.0351480166754803,0.100103590551549,0,0.0127975084632803,0,0,0.164270785545974,1.01575405724164
sample203,0.143280595141244,0.0985145859270583,0,0,0.00163810480370144,0.353481564983551,0.0641065834183753,0,0,0,0.0419051862915535,0,0.02982565398417,0.0178952940682783,0.0597241473661827,0.0997412141131709,0.0497228467564911,0.0141095059756711,0.026054717170553,0,0,0,0,0.3266960644204,0.949964514739399
sample204,0.00243510866470456,0.0945862728743223,0,0.0380494691824238,0.0785640929775682,0.264008964153377,0,0,0,0,0.0345082511446727,0.0168233890377362,0.0446633366321354,0.0252953958551885,0.0276997536748788,0.297222466722362,0.0213865836129647,0,0.0547569154676664,0,0,0,0,0.203058309021074,1.00051591430254
sample205,0.0128168028710226,0,0,0.0306055487416314,0,0.315026833847713,0.00130197700240478,0.00888322625139189,0,0,0.030765810876323,0,0.0459141884074473,0.167821924283468,0.0893575613391616,0.18164861800989,0.0467878878801124,0.0138404341128692,0.0537089757430807,0,0,0.001520210633485,0,0.060772885269073,1.06260882813225
sample206,0.019939424433755,0,0.0189783241639777,0,0,0.258543279947563,0,0,0,0,0.00933503826323998,0.00532652314928235,0.0242793637296689,0.123237265946991,0.00606451690241461,0.269397335434005,0.148047967034715,0.0297280831717911,0.049457267933397,0,0,0.037665609889199,0,0.123962619988229,1.0344423537103
sample207,0.131737011023986,0.0727740292479828,0,0.0865736275928939,0,0.196455938258065,0,0.0262365673372365,0.0524706907517388,0,0.0258206747482859,0,0.0102780082246074,0.184991241887571,0.00770756113889719,0.108097668737713,0,0.0649082558542601,0.0319487251967617,0,0,0,0,0.193409085055423,1.00897545670899
sample208,0,0.000623278538728003,0.0308173646874162,0,0,0.36824370740689,0,0,0,0,0.033964807779115,0,0.0753857482392724,0.164930129399448,0,0.250974311521653,0,0.0362549338815012,0.00704561087455672,0,0.0317601076714205,0,0,0.0741997011295137,1.06025605006065
sample209,0.0211442479461077,0,0.00979205389148648,0.101406092932987,0,0.257352595144078,0.0421943176799221,0,0,0,0.0113162298560498,0.0337875572213061,0.0284539085309145,0.0340046223723935,0.117318169631789,0.231314177381665,0.00176241178690936,0,0.106025575745332,0,0.000771704290387322,0.00335633558867082,0,0.206668969574092,1.00070501378777
sample210,0.0665765379600517,0,0,0.0469693696100694,0,0.389596410454837,0,0,0,0,0.0445876808927072,0,0.0676791965365106,0.00943273221153323,0.0188488936592975,0.201732118879542,0.0273400175161527,0.0226537411193448,0.104583301159954,0,0,0,0,0.0671249402857204,1.05506751080736
sample211,0,0.00323299565177962,0.00667905918194847,0.00747785925928739,0,0.194849744987342,0,0,0,0,0.0167018977945861,0.00181485196385315,0.173709667926288,0.178656495434742,0.00985554518718568,0.275475120051267,0.0583722166859554,0,0.0614730563055065,0,0.011701489570259,0,0,0.247350726417056,0.988365581357181
sample212,0.0104758577585651,0.0439609840270991,0.0388989124014341,0.0932740016709834,0,0.377832976822033,0,0,0,0,0.0457968998505235,0.0542199796207658,0.0762093454759027,0.235069520281814,0.0145873763192584,0,0,0.00523576938176413,0,0,0.00272273014744886,0.00171564624240808,0,0.0708162498050766,1.07715368904119
sample213,0.11533240119612,0.0188459645156564,0,0.0444310213447861,0,0.286151521865807,0,0,0.0352288690084952,0,0,0.0200992450695082,0.0275883786982538,0.0533842850008585,0.0380498571104163,0.306359928164072,0.0138131658018555,0.0294677697372431,0.0110794199364741,0,0,0.000168172550453834,0,0.27614603308496,0.971648613145732
sample214,0.187992106392888,0,0.00024250065158378,0.0953899672090773,0,0.249718683501862,0,0,0.031511005033848,0,0.0299442876308114,0.0175147733831491,0.125183909587994,0.0511589551962698,0,0.0807911581257561,0,0.0501258200151577,0.0694223662397185,0,0.0110044670318842,0,0,0.311010281316631,0.955553352602528
sample215,0.192737023429962,0,0.179465506703947,0,0,0.292564071924127,0,0,0,0,0.00916355442660216,0.00715528604541378,0.0437924842131435,0.0175956414904995,0.0189317705459241,0.175510098701686,0.0281362790023929,0.000413121604062868,0.0345351619122394,0,0,0,0,0.433320868288052,0.902517275608214
sample216,0,0,0.0154352332427751,0,0,0.283425880142957,0.00739400924805067,0,0,0,0.00493121102286483,0.000240177560120496,0.31476557499021,0.0629316609495597,0.0230059662291302,0.106117884698608,0.103850277612021,0.00591749353736868,0.0704721354941883,0,0.00151249527214634,0,0,0.143209206589611,1.02541417681331
sample217,0.0908307873334914,0,0.0193353279982416,0.0381611003695537,0,0.231335980934167,0,0.0178956453745831,0.0524696753558442,0,0.0518358776061101,0.00125742529117616,0.0161980830201992,0.305415519783387,0.0120092100912648,0.127109435913447,0,0,0,0.00440488478325031,0,0.0317410461452838,0,0.141619825584755,1.0398376705866
sample218,0.275811246578714,0,0,0.0268019689675321,0,0.108955329126152,0,0.0451031567171109,0.00591377367123244,0,0,0.032524283355079,0.00185003155511017,0.178531890472532,0.00620715722519701,0.247668241664483,0,0.010901471169245,0.0392496432888434,0,0,0.0204818062087696,0,0.276289033560739,0.977139652124396
sample219,0.216429115459036,0.0582182056707202,0,0,0.0810623917893287,0.160848249672709,0,0,0,0,0.0746613558806868,0,0.038345841375189,0.105083693751924,0.0165425003188712,0.193433020109012,0.0189028206980964,0.0364728052744255,0,0,0,0,0,0.350779173226035,0.939394037270072
sample220,0,0,0.0089725775397923,0,0,0.320881880281912,0.0179788785746806,0,0,0,0.0320700846141406,0,0.103368997453538,0.0602717907442308,0.0273785123929208,0.1805880571271,0.0575775558715532,0.0224186936010361,0.0980034938652575,0,0.0677144835969458,0.00277499433689109,0,0.0967833112709065,1.03451627852618
sample221,0.0939942506954427,0,0.0170819806640385,0.0514987904476364,0,0.255525440119797,0,0,0.0222987543858348,0,0.032223183963249,0,0.0091491515925808,0.108910184678589,0.0112529397735075,0.311887342676093,0.000454062225195255,0.00685109831550472,0.0788728204625318,0,0,0,0,0.131794518871897,1.03010175648577
sample222,0.102868525038247,0,0,0.0948562125589618,0,0.257184146432079,0,0,0.0336778983459901,0,0.0355093112651845,0,0.050935597839238,0.0419116655843396,0.0390469851622155,0.268778802378628,0.0378972129445914,0.0211609064605357,0.0124930250660174,0,0,0.00367971092397175,0,0.133695196859474,1.02966019623622
sample223,0.00101533065629091,0.0206520180014143,0.00515089182694637,0.093971130706344,0,0.277849237266732,0,0,0,0,0,0.0137320101810205,0.0591089961381911,0.17150822549549,0.00553584698780696,0.117787153547538,0.0528755798869099,0.0326838782995575,0.125864618620372,0,0.0137475474656368,0.00851753491974869,0,0.102720770103734,1.03968870676985
sample224,0.0345628197706378,0,0.0134232012860716,0.0342883718092366,0,0.386675345041252,0,0.00459179930868587,0.0405390487788757,0,0.00644281169240258,0.0452499083263641,0.065308868674726,0.322606797953958,0.0220936896884604,0,0,0,0.00707381267184886,0,0,0.0171435249974799,0,0.0877741076407258,1.07294858604083
sample225,0,0.00283882498411882,0,0,0.0176668824844393,0.251922898269923,9.92678595622277e-05,0,0,0,0.0559874279323754,0,0.0458369307415235,0.0350766148914844,0.0166797262451824,0.305587019076575,0,0.0853139315050387,0.137026366421907,0,0,0.04596410958787,0,-0.00428792351737419,1.07763246513895
sample226,0.0383408380637356,0.0240217018314397,0.00918109043382398,0.0550552119594155,0,0.267618883934501,0,0.0545049499488548,0.0223816433349315,0,0.0580415029356826,0,0.0571765477148689,0.350815497810326,0,0.0484225992085648,0,0,0,0.0103453948672348,0.00409413795662041,0,0,0.0802654256869036,1.07425041694377
sample227,0.010601113629914,0,0,0.0823258230695305,0,0.0910720781179689,0.0270376289189076,0,0.0069878375405358,0,0.0612555038038708,0,0.000104532620160481,0.322806656366117,0.080639771182994,0.29424119125127,0,0,0.0229278634987312,0,0,0,0,0.0211510383640409,1.11050535565676
sample228,0.135544302579884,0,0.119576446624198,0.0774918592789152,0,0.370590362633529,0,0,0,0,0,0.0258872179727193,0.0306590738945373,0,0.00279384650613236,0.154310163771636,0,0.0110340668645608,0.061008394776086,0,0.011104265097803,0,0,0.322528034686449,0.956487150672305
sample229,0.0331054798267083,0,0.0314724552327225,0,0,0.399049927549537,0,0,0,0,0.092256866815583,0,0.0910450157675038,0.00754668577129296,0.046303137898666,0.234777154547088,0.00250344878578827,0.00612075555162893,0.017452519055149,0.00910886470708411,0.0292576884912479,0,0,0.165074709717845,1.01710138911316
sample230,0,0.0175259944640457,0,0,0,0.221605858863365,0,0,0.0355131944298138,0,0.00694944370186854,0.0155797447021453,0.282557510591873,0.0720358632882888,0,0.187993126127118,0.018638774190584,0.0785589893103293,0.0630415003305697,0,0,0,0,0.115608880189923,1.03609992961227
sample231,0.057495710531536,0,0.0109670550606127,0.0823027562315747,0,0.227490355913096,0,0,0.0117204068890209,0,0,0.0652579804738764,0.0697074598050185,0.0846487675821282,0.0159741385388442,0.179199753227029,0.00317286764095921,0.0322672957557057,0.152516284018482,0,0.00727916833211589,0,0,0.103649440444689,1.03497300663334
sample232,0.0370067057812307,0,0.00707591531177444,0,0.0243159137421308,0.319243237745926,0.000397021625922451,0,0,0,0.0445283033286775,0,0.00604547211591963,0.0937666815314339,0.0213740903720257,0.324683707417521,0.0254799760032271,0.00961945650917087,0.0435270852270923,0,0,0.0429364332879483,0,0.197374063137412,1.00545396730594
sample233,0.0751279321958967,0,0,0.0686271798619824,0,0.216975284333031,0,0,0,0,0.0479082821936046,0,0.0101428935504901,0.0822811919168263,0.0335051389426746,0.342430811349088,0.066220810750396,0.0041773997373855,0.0103235060560089,0,0,0.0422795691126159,0,0.187880855895528,1.00931575514918
sample234,0,0.0313035894871836,0.0458906703950675,0.0659026435741122,0,0.229213867998978,0,0.00506402121142255,0.000549510428079817,0,0,0.0399152451886828,0.0671855979421129,0.105674671630254,0.0140065285613311,0.0818049254951293,0.0288071541642935,0.00615145408641521,0.169574436091505,0,0.0245106493002641,0.0844450344451679,0,0.0743517693836762,1.04502454065074
sample235,0.0867675974827962,0,0,0.0249061397161146,0,0.388788084806677,0,0,0,0,0.0265302105157483,0,0.0201828144782261,0.162188475446556,0.0309934009650431,0.15930642029207,0.0253385191636187,0.0268501283691627,0.0481482087639885,0,0,0,0,0.158500203938619,1.0225254750863
sample236,0.00799724053380968,0,0.0417887470429618,0,0,0.312911149821164,0,0,0,0,0.0266861491245108,0,0.0116407046456167,0.0923443295463336,0.00906454569158027,0.410165922147152,0,0.0721488210025824,0.0152523904442882,0,0,0,0,0.0934347661773556,1.05464294904161
sample237,0.0153134341078821,0.0109583546429206,0,0.00610178722042288,0,0.150808889049311,0,0.000969985530694505,0,0,0.0115183024662388,0,0.0551163109203799,0.274301274477677,0.0316214432669851,0.325187049942316,0,0.0587063303548473,0.0593968380203253,0,0,0,0,0.191264567165783,1.02476825551877
sample238,0,0.0159767506972107,0,0.0278075677808989,0,0.323280876017981,0.00295521965670723,0,0,0,0.0721671052609714,0,0.0557418750513134,0.0232922507920959,0.0237090184303954,0.296534851848609,0.0110006091319468,0.0343396403491229,0.080095702500867,0,0.0330985324818804,0,0,0.0233667554840679,1.06926413749965
sample239,0,0.018178339409474,0.0295735965860404,0.0164367697607617,0,0.273329965719958,0,0,0,0,0.0148202803397164,0.00738302441088728,0.0955645852255212,0.105813684432433,0.00787420737684359,0.270263222964173,0.00487585610716119,0.0261434550575199,0.0869842942605095,0,0.038467550693533,0.00429116765546874,0,0.105980575220074,1.03560320810389
sample240,0.0720030390071834,0,0.0222307365637073,0.0229500260586551,0,0.138452627900622,0,0.0410098670804088,0,0,0.0031399777231866,0.021593600674318,0,0.270921978392801,0,0.236658783810289,0,0.13658865705066,0.0315730585214186,0,0,0.00287764721674883,0,0.10239185464712,1.05587377726302
sample241,0,0.109699759029555,0.0104272017083009,0,0.0497363527904963,0.311278716662082,0.00965487254396175,0,0,0,0.0895720409970865,0,0.00526675774861929,0.133673634760445,0.0236768471778189,0.171234107066426,0,0.0568982244494087,0.000238499502876191,0,0.0286429855629231,0,0,0.076213987936071,1.05440973272554
sample242,0.0622302054794559,0,0.141563498980374,0.00867573719517725,0,0.398830636448042,0.0141009392597224,0,0,0,0,0.0213132490969144,0.0341561490172984,0,0.0115277306125776,0.185160772995728,0.00100662562868075,0.00781584822163623,0.0719306591016991,0,0.0416879479626948,0,0,0.293109845349236,0.965602136292573
sample243,0,0.00419063357648555,0.0115575849057506,0.013879723529697,0,0.264417022042033,0.0129708152628318,0,0,0,0.0165833733840479,0,0.138853099611725,0.100325622339519,0.0141925623954747,0.227124004952822,0.0689913513501701,0.00935896949183226,0.0974938839716297,0,0.0118165827304103,0.00824477045557077,0,0.207399049281351,0.995943720141379
sample244,0.0895798443415885,0,0.00906400178701048,0.0165888876464299,0,0.292221269518714,0,0,0,0,0.0397731158128069,0.00164761619303223,0.0262955665360228,0,0.0141504887791495,0.243602838538539,0.0166866023815521,0.0267369277704585,0.216246627407268,0,0,0.00740621328742805,0,0.121688613875311,1.02855511176351
sample245,0.0399516715044729,0,0.0158055905616562,0,0,0.254063490893837,0,0,0,0,0.0361046806935702,0.0107508975126977,0.0990359347264707,0.140966075074854,0.0465001078709537,0.221519959582712,0,0.0843554999276284,0.036549170479054,0,0.0143969211720929,0,0,0.0873433854464273,1.04514090388418
sample246,0.00611669985821502,0.0174351811345317,0.000784233538701508,0,0,0.37380047250969,0,0,0,0,0.00102456565153296,0.00751704650910591,0.149881522150825,0.0499994655520389,0.0175597708088117,0.156516061760595,0.0320350164684328,0.00589791448030386,0.0742870780781899,0,0.0441457114734266,0.0629992600255989,0,0.117614418336835,1.03428906763813
sample247,0.0474069920473962,0.12663342043131,0,0.00268491986048077,0.0201795670769584,0.350840706750702,0,0,0,0,0.0214672695807003,0.0107923691079792,0.0697256172672145,0.0721455498447505,0.0168042807271715,0.148776680837266,0.0211512111566933,0.00735593226934273,0.0637589942779336,0,0.00328410665729418,0.0169923821068065,0,0.237867717371767,0.985158870374076
sample248,0.0867910845435184,0,0.0368796936270253,0.0603924323934183,0,0.183302745476198,0,0.00179520546600834,0,0,0.00198887082717619,0.0188758975454818,0.0101215559608338,0.239512534000047,0.00851412842061729,0.184361467811872,0,0.0133272924784215,0.154137091449382,0,0,0,0,0.176382147161877,1.01376717185708
sample249,0.07415662126422,0,0.0305328135833895,0,0,0.157101651426492,0,0,0.0344078106757321,0,0.0149692285974789,0.0227453661962402,0,0.565097381784622,0,0.0421389047515384,0,0.00295573169404424,0.0558944900262427,0,0,0,0,0.173864408516825,1.06126134624409
sample250,0.0931669165436293,0.130000143760919,0,0.106106704527551,0,0.312787509245614,0.00246061760876907,0,0,0,0.021652412514707,0,0.0719359008588312,0.0435229454538777,0.0545856820733022,0.119028068970752,0,0.0170464511645387,0.0127806454608825,0,0.0149260018166269,0,0,0.324127371277945,0.952552474615565
sample251,0.232916272122315,0,0.0454673968225771,0.122185965937062,0,0.284343327535238,0,0.0105327261326265,0,0,0.0415384329541712,0,0.0414684347365813,0.0765533265032565,0.0441314573592583,0.0755193182751238,0.0127654596129763,0.000139210248508952,0.0124386717603055,0,0,0,0,0.371831459255289,0.932755693713385
sample252,0.280451705243715,0.0700580091882248,0,0.0685745558847778,0.012118843590413,0.299738094732036,0,0,0,0,0.0400588714133993,0,0.0306125363917661,0.020701550431677,0.0223066179952592,0.122388229819696,0,0.0125418045115422,0.0204491807974929,0,0,0,0,0.471070007550608,0.881672127999301
sample253,0.0255667012921545,0.0518958911490847,0.00201655401008425,0,0,0.238047444009636,0,0,0,0,0.0049098528707348,0.0125644937881295,0.0447059408290707,0.0959707205386677,0,0.242546447280308,0.0668066856632783,0.0789788536686494,0.123557710356545,0,0,0.0124327045436567,0,0.16045247657585,1.01201542099559
sample254,0.00293122443937038,0.00681578441023301,0.0118748422328974,0.117460078508867,0,0.315116871628127,0,0,0,0,0,0.0400986990588112,0.0407324706279237,0,0.12232291486406,0.182662285277057,0.0214682695112461,0.00317826599867981,0.134278987548025,0,0.00105930589470129,0,0,0.0678548685711049,1.06323431563189
sample255,0.010688743006409,0.0095973303410892,0,0.0344474008505133,0,0.144746950949769,0,0,0.00525148808230782,0,0.00898759744416646,0.00937907202148379,0.108126806473928,0.314193228170519,0,0.247148222525774,0,0.0809602154365582,0.026472944697482,0,0,0,0,0.334955073276961,0.954658781349782
sample256,0.00370964124842987,0.0157993027222451,0.0156760663470602,0.101782616527705,0,0.324317867707266,0,0,0,0,0,0.0124518115264245,0.0526017836900407,0.122701083155405,0.032336641412493,0.128273281895089,0.0379726570759957,0.0158643253653331,0.0957188975887375,0,0,0.0407940237377755,0,0.0923923322335457,1.04513532358332
sample257,0.0543537769521304,0,0,0,0,0.368784901556613,0,0,0.0314494817512279,0,0.041947034762333,0,0.01806357384782,0.0892343658547823,0.0248369142715954,0.33557692552526,0.0141189284083124,0.00708772934926287,0,0.0145463677206634,0,0,0,0.0105852675641616,1.08861150456902
sample258,0.111114933583851,0,0.00947532732805408,0,0.0571382606762962,0.337711865817297,0.0207958159871577,0,0,0,0.0301054071717204,0,0.0583641382433543,0.0690306134416227,0.027018818546655,0.162586226259278,0.0417273001416678,0.0190949672801337,0.0450839505360173,0,0.00559635561777489,0.00515601936911974,0,0.250642759110521,0.979440064263937
sample259,0.0453558497760864,0,0.0200573294530736,0,0.0421040218567304,0.19261110397914,0.017979362251596,0,0,0,0.0273707960375119,0,0.0330922012086432,0.208231703828339,0.029963458419034,0.314486468206491,0.00626073318614929,0.0109631019467229,0.034510941290174,0,0,0.0170129285603077,0,0.142919835539635,1.03349204925765
sample260,0,0.00935293556289075,0.0263032169673571,0,0,0.211659035200077,0,0,0,0,0.0462595925859128,0,0.0536060967512298,0.147953146751478,0.00595150062852768,0.35606574140798,0.111978634982493,0.0045558611736333,0.0238022867692792,0,0,0.00251195121914186,0,0.099931807816865,1.05331696541266
sample261,0.256427417155117,0,0,0,0.176899110133528,0.213884585044542,0.0125752465265517,0,0,0,0.0421835618044363,0,0.0632027095228974,0.050858369426425,0.0262358774880454,0.145284397227311,0.00741153753916025,0,0.0021069477607924,0,0,0.00293024037119416,0,0.35142985535326,0.941653603700674
sample262,0.0743163146844968,0,0.00184261387018183,0,0,0.181923317906223,0,0,0.0560669695499456,0,0.0195858232392841,0.0390504404641554,0.0213626921016851,0.19393935748521,0.011585167991025,0.281415813190791,0.0031684821796441,0.0366823005817255,0.0790607067556315,0,0,0,0,0.0592055912412294,1.06212086072776
sample263,0,0.00804663473799569,0.0048415269115704,0.038722450413506,0,0.238070410623329,0,0,0,0,0.0266458282270373,0,0.0226324449367476,0.106080178937757,0,0.314744851197175,0.0157337344530148,0.0720572316895384,0.0989981180095872,0,0.0107934710710598,0.0426331187916814,0,0.0862620931220443,1.04807595676549
sample264,0,0.0500983176053115,0.0402763728524943,0.0464457477558437,0,0.284563659634374,0.0388917318401461,0,0,0,0.0251928228513376,0.00387114926390017,0.00717517042151677,0.190926174816531,0.0113457814135764,0.163213011550584,0.00746394145186997,0.0101156508096569,0.0817315100886837,0,0,0.0386889576441736,0,0.166491156210558,1.01460511676491
sample265,0,0.0358752457756956,0.0238553121089136,0,0.0602251160065107,0.221232969801292,0.00675881340138484,0,0,0,0.00848137421562252,0.0024356601341358,0.0213472802863184,0.0974200872240228,0.0395553958110446,0.198769317495134,0.167677744684036,0,0.0802198063690094,0,0.0337845933409035,0.00236128334597623,0,0.145007388119428,1.01806452894242
sample266,0,0.00594364197019762,0.0256387237740829,0,0.0432681548833484,0.17022721997399,0,0,0,0,0.0371157774653114,0,0,0.455659529551625,0.0173111808331518,0.184131119455267,0,0.0267420006677855,0.0156999821746334,0,0,0.018262669250607,0,0.361000663515151,0.950662885981148
sample267,0.148331487282667,0,0.0199473206772127,0.0570058762725168,0,0.250409541257309,0,0.000741092329589912,0,0,0.0252157869802337,0,0.0100087590018262,0.113692862906904,0.0601088856654785,0.275121925093704,0,0.00966047266747889,0.0297559898650801,0,0,0,0,0.195722257661053,1.0056493539764
sample268,0.00323952606236738,0.024342406144505,0,0.00247875274863293,0,0.165603137550524,0,0,0.0248921946898401,0,0.0304491499047832,0,0,0.266661629124383,0.00553788949239326,0.352204787630008,0.0540275849670556,0.0223390681579817,0.0435494437654721,0,0,0.00467442976205293,0,0.233356332160705,1.00572799924952
sample269,0.224996951369002,0,0.032114991391595,0.0414711157232041,0,0.377179703787786,0,0,0,0,0,0.0178646616785283,0.0552190151010618,0.123003092289191,0,0.0629692625697122,0,0.0089729244480639,0.0402494426161737,0,0,0.0159588390256815,0,0.212154474762845,1.00750400900433
sample270,0.229094095016399,0,0,0.139013880307351,0,0.193679641585088,0,0,0.0276554161271719,0,0,0.0475096863392845,0.0430241571055661,0.00567547185124675,0.0269582937136279,0.118165009010667,0.0673774543999235,0,0.101846894543675,0,0,0,0,0.383930094051729,0.923649853255518
sample271,0.115405843631007,0,0.0096540859903902,0.140542309943265,0,0.141428200348198,0,0,0,0,0.0403913938923801,0.0169778420993962,0.030168910623868,0.0644637618036077,0.0124344720451982,0.26290383555458,0,0.0014407146923803,0.164188629375729,0,0,0,0,-0.0263723825253225,1.08585046029636
sample272,0.0538928194699539,0.131563754274824,0,0.0761644842949832,0,0.255394345464519,0,0,0,0,0.0274288584254578,0.00244290483228311,0.0110622118339861,0.128364448612786,0.0244451449556114,0.216400627235452,0,0.0406654832459784,0.0321749173541647,0,0,0,0,0.290438348022377,0.964795137134112
sample273,0.0192374530212738,0,0.0118719293940284,0,0,0.566755476404876,0,0,0,0,0.0807041942416006,0,0.031845370369943,0,0.00797580868265512,0.201959818214742,0.041444731868769,0.0297173490076886,0.00848786879442307,0,0,0,0,0.0332325162258892,1.0957553835085
sample274,0,0.0681527456974529,0.00634957017199514,0,0,0.137766589355101,0.00730592994683412,0.00113211463352251,0.0118450531527496,0,0.0293094144391238,0.00182582420236865,0,0.282988094532794,0,0.195047907745728,0,0.193216599316191,0.0519069271679439,0,0.013153229638196,0,0,0.158184399350694,1.03387589294343
sample275,0.167736142252678,0,0.0734368306515988,0.0401498860779184,0,0.187905557361631,0,0,0.0326555202504468,0,0.00659715444876455,0.00962346033463569,0.0299269279634545,0.115646926597558,0.0706501571305278,0.170176001237099,0.0247995522206669,0,0.0655750552883323,0,0,0.00512082818468759,0,0.361874321196373,0.932849607790889
sample276,0.00975194000057955,0,0,0,0.00633752107234214,0.15723643934947,0,0,0,0,0.0224350913063252,0.0133404696979366,0.0193007906355853,0.0779061424274476,0,0.27991596567203,0,0.237201858603661,0.0603878013345014,0,0.041974716671283,0.0742112632288385,0,0.190616042710859,1.01236074692817
sample277,0.0365367157069174,0,0.0330494068956101,0.120970654580488,0,0.258832982159033,0,0,0,0,0,0,0.0757415839142706,0.124636454259094,0,0.187116389547678,0.0276477293868856,0.0450161821678743,0.077031853604435,0,0.0134200477777145,0,0,0.159246897731993,1.0158512460089
sample278,0,0,0.00175091210420629,0,0,0.181898182546729,0.00917062023304728,0,0,0,0.0142000663125403,0,0.0762059871550054,0.21104779959312,0.0243960561607919,0.346774640147153,0.0286427660663663,0.0135415542153063,0.0527861333504506,0,0.0249162688142616,0.0146690133010211,0,0.350523744242922,0.943773369917402
sample279,0.0409277068795972,0.0429758000208251,0,0.0559157305170736,0,0.305157013795339,0,0.0236854514888953,0.00672215236096398,0,0,0.0721444793594621,0.0307821192593089,0.356460096283097,0.00893135471368727,0,0,0.0132185660867959,0.0401732141655937,0,0,0.00290631506936077,0,0.114918215219234,1.05854322438939
sample280,0,0.137319510346988,0.0816913959293653,0.00533052261481149,0.0925470433145522,0.326841792405953,0,0,0,0,0.0830801929202748,0,0.0844220918845999,0.0881969581296094,0.0349199920894849,0.0574011149755859,0,0.00496761430792169,0.00288521899612624,0,0.000396552084727816,0,0,0.322302181948523,0.954230811896705
sample281,0.0752477383869512,0,0.000997404641535981,0.0469913298265744,0,0.228084607949381,0,0.0105399514300009,0,0,0.0209838558973193,0.0159637942265852,0.0608302158694752,0.0635228468495101,0.109289722895517,0.273597844752086,0.0171099144187314,0,0.0768407728563316,0,0,0,0,0.153837781666977,1.01950211281539
sample282,0.238518842614544,0,0,0.0951565611577166,0,0.133026249057421,0,0.0152605005933032,0.0380161138734833,0,0,0.00558514127631999,0.0424646685879198,0.212140920015113,0,0.0916200419107974,0,0.0336290048142384,0.0637526522858217,0,0.00368353245166427,0.0271457713616568,0,0.39993983475809,0.916456409805898
sample283,0.224989823424283,0.155868889842676,0,0.0517599772460952,0,0.23618032088588,0.000730854280499236,0.0439625876280475,0,0,0.0138275179520458,0.00597727954320441,0.0741337733718839,0.055577857522292,0.035376400347503,0.0913120410628288,0,0.00647304875661112,0.00382962813615032,0,0,0,0,0.571816226983078,0.823374112945593
sample284,0,0,0.00595410393867346,0,0,0.311066088371216,0,0.0229995243791488,0,0,0,0.158114043581382,0.18403624821461,0,0,0.193530375385038,0,0.0353947350541012,0,0.0795107817686609,0.00939409930716902,0,0,-0.0106409833788307,1.10523632780368
sample285,0.121017665490845,0,0,0.0960030607302883,0,0.219915891755479,0,0,0,0,0.0720807352225893,0,0.047185760713135,0.208655631441668,0.0358560976752479,0.156799605545941,0,0.00807902872296329,0.0344065227018432,0,0,0,0,0.219135147433988,0.996624358961469
sample286,0,0.00414501485132748,0.111330460028751,0.020459354396703,0.027526666235064,0.296156626681721,0,0,0,0,0.0745583823127426,0,0.134067104658728,0.000318707291826942,0.00466446602744743,0.119426118227737,0,0.0110953990834291,0,0.0519325211449453,0.0843234247172797,0.0599957543422979,0,0.16357282434992,1.01604603089753
sample287,0.268238128569725,0,0,0.0872441883887048,0,0.351834611892003,0.0204787062536961,0,0,0,0.0507896925487441,0,0.0683968141576678,0.0533949930880257,0.00765066658193572,0.0470007926890903,0.000824958967754469,0.0365312454160483,0.00761520144660484,0,0,0,0,0.360581833808549,0.940178973097603
sample288,0.0467787927705793,0,0.00161229650527532,0.0128299191874337,0,0.179194747097835,0.0189502163018067,0.0124502300524346,0,0,0.0338517919071143,0,0.0243075740577511,0.0766883136534223,0.100058429749514,0.29149727828104,0,0.0896272572098011,0.0590256588477194,0,0,0.0531274943782734,0,0.190906721119706,1.00783684373801
sample289,0,0.0962733840491556,0.0193036953305351,0,0,0.400231960314964,0,0,0,0,0.0873592512695853,0.0273330008972468,0.0220614600097852,0.118310471352891,0.0255958181541057,0.0547098451672611,0,0.000942137719587202,0.144247076500449,0,0.00363189923443415,0,0,0.0801080698396969,1.05499249038519
sample290,0.359285688051,0,0.0529500686459091,0,0.102561263784809,0.194676000454653,0,0.000689657202035042,0,0,0.0111262051475296,0.0142435984752906,0.0100255091488683,0.0660313517038928,0.0324142365398149,0.141437340445313,0,0.00325364569769733,0.0113054347031882,0,0,0,0,0.492963734535527,0.869602977328695
sample291,0,0.00858477727866875,0,0,0,0.31214884357558,0.00647574944649104,0,0,0,0.0192369807487434,0.00423200227209742,0.041230874244538,0.135367629534469,0,0.231320767456227,0,0.174823046006803,0.0629786628297932,0,0.000945767907575739,0.00265489869901324,0,0.105992681383272,1.04468745285537
sample292,0.109560648085509,0,0.00326684052342093,0.0411712110064794,0,0.145493730617636,0.00368098648023425,0.00811503801174755,0.0432946263819592,0,0.0118512597411837,0.0118849580820466,0.00991665785610417,0.0313514409512495,0.0145567192945278,0.276503962112861,0,0.162122079844311,0.0995524228255025,0,0,0.0276774181852274,0,0.186835141415136,1.00323459222005
sample293,0.0359995610857117,0,0,0.0516343017524624,0,0.230084518427521,0,0,0.0272178110345038,0,0.0219036618295247,0.0191641754696101,0.103449482504769,0.0957552638034841,0.0468387122760426,0.288995218220913,0.0341174062317897,0,0.040077561114987,0,0,0.00476232624868042,0,0.234766362642791,0.987670150230543
sample294,0,0.000192551351245325,0.0182741743470512,0,0,0.302033397458327,0,0,0,0,0.0104464264916721,0.0157767300251161,0.11125423163177,0.145079785527176,0.020218090107179,0.239960817962464,0,0.0576643467450424,0.079099448352956,0,0,0,0,0.13589442704436,1.02768735883149
sample295,0.00856181920546977,0,0.0178303224231169,0,0,0.285162178307563,0,0,0.0284575481666422,0,0.0403601330040738,0,0,0.334711623772454,0.0325054959285862,0.219376407982574,0,0.00490628090341446,0,0.0281281903061068,0,0,0,0.0732149964408841,1.08175125126515
sample296,0.0195553625159165,0,0.0295928694594903,0,0,0.275591117576517,0,0,0,0,0.0530892671687834,0,0.0518649928989672,0.0524490478462366,0.0186470582015222,0.351715766740669,0.0460482785525018,0.0203924301350205,0.0464117681118063,0,0.0346420407925694,0,0,0.0706995231568125,1.05096692586865
sample297,0,0,0.0428493779788987,0,0,0.367433381377159,0.0120011568364438,0,0,0,0.0443553881001074,0,0.142418562761203,0.0238965190655564,0.021896809096939,0.16593059514919,0.145528133131902,0.00243961020544557,0.0279263987603783,0,0.00332406753677717,0,0,0.102638526371868,1.03647478216456
sample298,0.0376179270564843,0,0.0566458596269431,0,0,0.349370368680691,0.0190064502390238,0,0,0,0,0.0340292752391163,0.0512517043830387,0.0872670708741138,0.079818362508599,0.171098823380246,0.0202774039929394,0,0.0866068737153567,0,0,0.0070098803034472,0,0.17286085429658,1.00898142137971
sample299,0.046294295906213,0,0.0146780295700171,0.0557650070303427,0,0.303748963354665,0,0,0,0,0,0.0431630737390545,0.0938482298255436,0.00426565300118761,0.0400513183440389,0.336040501298839,0.0217875831603552,0,0,0.0303738994713014,0.00177110386430593,0.00821234143413616,0,0.171139347756982,1.01606897362758
sample300,0,0.109961218424157,0,0,0.0673784950709703,0.367903119275692,0.00463475332631881,0,0,0,0.0390404675940411,0,0.034180929524984,0.0248831884625917,0.0322364485126483,0.134536575566193,0.0685888130865406,0.0227793281382103,0.0925861430672766,0,0.00129051995037593,0,0,0.154665141283601,1.01939219486024
sample301,0.169917952626525,0,0.00127957595356824,0.0602647586852105,0,0.188551838016577,0,0.0115136240887296,0.0192384808459483,0,0,0.0760972814445773,0.0496501469364436,0,0.022531450121189,0.281942543778937,0,0,0,0.119012347502294,0,0,0,0.0439366196214808,1.0719554353408
sample302,0,0.0166520335153803,0.0197088673013663,0,0,0.301642330975066,0,0,0,0,0.0093310620519159,0.0251619332313417,0.0466109158899569,0.133292290514247,0.0214840767625258,0.246149729158983,0.105827569473754,0.00787289915527779,0.0610694631574631,0,0.00519682881272143,0,0,0.0981700073108956,1.04214741890971
sample303,0.043302805738941,0,0,0.115974759648116,0,0.244864510335612,0,0,0,0,0.011698841026271,0.017307394757046,0.0150039729130541,0.124980663081686,0.0792342162661375,0.284486172911754,0.0220646327490726,0,0.04108203057231,0,0,0,0,0.152141214956937,1.02690367660167
sample304,0,0.0243293645235162,0.00394355936246884,0,0,0.269138356561011,0,0,0,0,0,0.0336608006435634,0.0244351277642945,0.187756476991005,0.0271936028899155,0.258561643823711,0.00944085011960382,0.0511747593751369,0.000533554004942575,0.00234435033262146,0,0.10748755360821,0,0.134205415006422,1.04125252057069
sample305,0,0.0129224893461855,0.0994344141936008,0.00328379419305363,0,0.197746699204779,0,0,0.0191606095991208,0,0.0513076331722181,0.0280587853699023,0.0319594645552104,0.112541913882019,0.0110959612203917,0.266644716977401,0,0,0.128424690148005,0,0,0.037418828138113,0,0.098970715178468,1.0383189662826
sample306,0.0165140005814028,0,0,0,0.000172272157194446,0.204995128563218,0.0104833695955796,0,0,0,0.0310577632344723,0,0.104796879612041,0.151027990305465,0.00948638465872623,0.281480176564336,0,0.115661877461855,0.0394953768030067,0,0.00377344104393832,0.0310553394187657,0,0.152085828021695,1.02598919679593
sample307,0,0.0223678898610511,0,0.0665938714669256,0,0.269603579788925,0,0,0,0,0,0.0143697836947356,0.16370760303049,0,0.0214141968452621,0.250376393777979,0.00591625372384519,0.0537992044807361,0.120484338424447,0,0,0.0113668849056034,0,0.0984680310517323,1.03825060775066
sample308,0,0,0.166355305205035,0,0.0120435734619152,0.289490369385758,0,0,0,0,0.0394260469132851,0.0328130422992497,0.0414746257406728,0,0,0.207782728516013,0,0.00229912800293159,0.102786428390442,0,0.0477764982420767,0.0577522538426214,0,0.24405408902582,0.983509282302705
sample309,0.218353511179591,0,0.0216871627174587,0.144431167166225,0,0.191148020199388,0,0,0,0,0,0,0.0259130809329586,0.149128719003065,0,0.00758812726313526,0.00707301236795703,0.0533478369537047,0.181329362216516,0,0,0,0,0.289777592774455,0.967272132912903
sample310,0,0.00822578941537894,0.00693083392393321,0.0645515550357236,0,0.25696555055349,0.0118529711691456,0,0,0,0,0,0.0856423652411632,0.175284767225968,0,0.233392929976488,0.0158047838015544,0.020230882812402,0.0637948214469928,0,0.0303317332720494,0.0269910161257102,0,0.211335399838572,1.00005668134261
sample311,0.133252576124886,0,0.00309662673181992,0.0794748800300298,0,0.256021949233149,0.00356257370606905,0.00671322624589842,0,0,0.0257143933717202,0,0.0365320711500452,0.264535902591351,0.054604797641491,0.120688766243833,0,0,0,0.0074720460416446,0,0.00833019088806194,0,0.237890154685207,0.9934629168202
sample312,0.00508274417640201,0,0.057373763914899,0,0.0469832189108573,0.250750347197229,0,0,0,0,0.0411187000774177,0,0.0567326093072574,0.0992251258866709,0.00694394625638571,0.321578098919472,0,0.00946442511919692,0.0457902848738832,0,0.0589567353603291,0,0,0.122887231190013,1.03227736074337
sample313,0.0629773151873768,0.0160985000825527,0,0.0567150986245932,0,0.427214862634088,0.00536992153695869,0.0138418974492217,0,0,0.0151517502871313,0.00973538812501369,0.052117157192885,0,0.131223718711812,0.133784780205672,0.0229956769239803,0.0044958453914669,0.0103393756457487,0,0.0177904094538909,0.0201483025476084,0,0.172491822155954,1.02719493800687
sample314,0,0.0117464740757005,0.038936272575589,0.00152730411997641,0,0.398276850603838,0,0,0,0,0.0086846128639751,0,0.0593509209969804,0.0224506674409714,0.0414850355273354,0.229427819212007,0.0949740053407745,0.00648560083106745,0.0861668401638194,0,0.000487596247965007,0,0,0.0880918248869005,1.04255916197299
sample315,0,0.0143504867010861,0.0249632660075204,0,0.0109285893876595,0.322824509868283,0,0,0,0,0.00474901493149842,0.0657041998772612,0,0.246691408549392,0,0.20337587527425,0,0.0472526450747067,0.0181849408799799,0,0,0.0409750634483622,0,0.0747183865279304,1.06748134452428
sample316,0.0113489977520089,0,0.0144795715283319,0,0,0.412477846764328,0,0,0,0,0.0409591781018382,0,0.0699555190109818,0.0599467387281441,0.0117169528008499,0.168695185585098,0.07012621673558,0.0473377778876741,0.0747090241366137,0,0.0182469909685514,0,0,0.133607262280338,1.0263139646054
sample317,0.0101867003532021,0.0633140785747975,0.0213604394254387,0,0,0.226529245286884,0.0201661708348844,0,0,0,0.0505582984673495,0,0.10062922395363,0,0.0262710769703192,0.277838330560688,0.10725181710513,0.0128420609298937,0.0367903853973135,0,0.0396479460622746,0.00661422607819512,0,0.188116713544574,0.99935587683088
sample318,0.0765949883146275,0,0.0263226076177421,0.103452013519679,0,0.212930990585704,0.00288086339377591,0,0.0038162505105918,0,0,0.0254357389283819,0.268384412285817,0.0721393091361116,0.00851568051848547,0.0749083337304511,0.00159583092625758,0.0103899706167517,0.112633009915623,0,0,0,0,0.171402017666721,1.01093561476201
sample319,0.00747217981078891,0.0554265875526276,0,0,0,0.153262213661064,0,0,0.0281739008850732,0,0.0677793853383829,0,0,0.495451587445651,0.0214379616984853,0.101716236679141,0,0.00981697217522995,0,0.0506104324521481,0,0.00885254230140814,0,0.0686939686375958,1.10758540265601
sample320,0.0214039739993859,0.0479180735614045,0.00899863917975962,0,0,0.448047391070436,0,0,0,0,0.0404604334566842,0.0132918744042864,0.0165610079779182,0.0496748651976276,0.0231536119866043,0.19766630409909,0.0616074963175031,0.000964903619563303,0.0424796403144411,0,0,0.0277717848152956,0,0.121873499461749,1.03700989985947
sample321,0.0428615583243965,0,0.0268548660108411,0,0,0.403203330108066,0,0,0,0,0.00838286048625003,0.018037859002572,0.0284395992034018,0.0205882178279175,0.0501766759241788,0.195250970713447,0.0841203339829851,0.00406039916128018,0.116490169619,0,0,0.00153315963566426,0,0.158968325731361,1.01498985165519
sample322,0.152326902602835,0,0.0336893083611302,0,0,0.378050866602444,0,0,0,0,0.0256289796086093,0.00141072601999031,0,0.0768029510380233,0.00761931145642582,0.114928074507949,0.0124011697626766,0.0960372903534939,0.0314407012457253,0,0.00402861981013637,0.0656350986305611,0,0.236166424866176,0.988221064430001
sample323,0.0218840222185798,0.0935280500986993,0,0.076759801418937,0,0.354081719688899,0,0,0.0493874920848211,0,0,0.0577317162704723,0.0594984442715557,0.102155219761004,0.017375233969272,0.0337513522740456,0,0.0607551986979465,0.0730917492457678,0,0,0,0,0.100217328502238,1.05178708712772
sample324,0,0.0584579876906224,0,0.0121527007229068,0.0226412743418072,0.238178201302312,0,0,0,0,0,0.0129332091230784,0.00663118740772194,0.229326652591377,0.0372566728419138,0.233590073393203,0.0684715161987376,0,0.080360524386321,0,0,0,0,0.142920824557854,1.03152498901403
sample325,0.00141076776147372,0.0134945628515136,0,0,0,0.260302463437735,0,0.0215889864198917,0.0239168946446195,0,0,0.0762342172659533,0.100822609916361,0.142693663400355,0.00178853627588431,0.133770122915736,0,0.0673124546955451,0.134926157000626,0,0,0.0217385634143057,0,0.0780486385000128,1.0474597960741
sample326,0.239829305895082,0,0.111636532429229,0,0,0.287600808506934,0,0,0,0,0.0338885948688914,0.020754963458844,0.0219564080060269,0,0,0.154534727878499,0,0.0610774632768357,0.0687211956796574,0,0,0,0,-0.0210973787388695,1.11192285776443
sample327,0,0.0873425402239094,0.00512897711450112,0,0.0260426481079449,0.35750398648846,0,0,0,0,0.0354128985675018,0,0.055941270190714,0.0380389804817827,0.0361085984861769,0.274954151158232,0.00671641432082792,0.0423539893068198,0,0.00469505538470181,0.0297604901684279,0,0,0.121273112022446,1.03471550728115
sample328,0.0220279373156961,0.00917694930044547,0,0.0771782111064964,0,0.234425960551762,0,0,0,0,0.0641401500957996,0,0.0659509503991255,0.191964332633627,0.0278086163610479,0.21961908966653,0.00908917614365966,0.0260341444151809,0.0486510794208236,0,0,0.00393340258980533,0,0.152923688910702,1.02447484526123
sample329,0.132285162894104,0.0546711784425617,0,0,0.0529047387372445,0.263994254653137,0.0251876378852824,0,0,0,0.0532450323068707,0,0.112257714105172,0,0.0162902580845659,0.247291702457468,0,0.0133851332490884,0.0284871871845056,0,0,0,0,0.253166593266322,0.979076357370327
sample330,0.069293900730357,0,0.0818671449691953,0,0,0.413478659406961,0.000693749182084052,0,0,0,0.0404396387912853,0,0.0470464207091192,0.00258052190982787,0.0320569125253123,0.26551669109077,0.021276625749585,0,0.00610210900014619,0.0196476259353566,0,0,0,0.223105513382965,0.994758019618332
sample331,0.236263468544155,0,0,0.0345894602755165,0,0.262276655066917,0,0.00572012861445638,0,0,0.0327513926620415,0,0.0213214496247973,0.192817863616914,0.0120570707127005,0.142317771106756,0,0.0328682610355629,0.0270164787401837,0,0,0,0,0.24175809405774,0.989958874823531
sample332,0.0337976586385159,0,0.00459408413939896,0.0334668393616426,0,0.272709390702721,0.0198473157019441,0.00239480154405612,0,0,0.0281341742437683,0,0.00842287419974893,0.13488189628703,0.112156816760992,0.290279231014846,0.00222756687531649,0,0.0492041212744697,0,0,0.00788322925554915,0,0.112141945464318,1.04430231830185
sample333,0.0484128446446157,0,0,0.0165987843397911,0,0.141586560011095,0,0.00643687752947366,0.079595193106847,0,0,0.0419797098688167,0.058846295690079,0.221945260364169,0.0265401015901002,0.223753636165861,0,0,0.0965251739231647,0,0.0186966313902238,0.0190829313757634,0,0.0411498535676403,1.06918033773968
sample334,0.138081888602324,0,0.0427944279355298,0.0126391235321003,0,0.323366226371728,0,0,0,0,0.0356303464173862,0,0.0701084224285757,0,0.00432826916066294,0.262501989438814,0.000942542222042876,0.0463741462762625,0.0632326176145733,0,0,0,0,0.283133571285678,0.965741968234063
sample335,0.0315898440736968,0,0.027051488856791,0,0,0.27808887144587,0,0,0,0,0,0.0325617419435142,0,0.213006869671081,0.00738565000607393,0.244373046904801,0.00994706971960851,0.0310218019176587,0.0526123756962678,0,0,0.0723612397646367,0,0.114188417730991,1.044103972356
sample336,0.00446248634615554,0,0,0.0248007559475919,0,0.294832729885166,0,0.0161737435700947,0.00399343025624203,0,0.00757958151025111,0.0273058751677664,0.077248410180157,0.202910038724434,0,0.216724725364139,0,0.0585059770234373,0.0315908157406633,0,0.00559229140217003,0.0282791388817323,0,0.102985188408192,1.05004599328721
sample337,0.0918988369791875,0,0.0263925037211097,0.0654758670816712,0,0.175453870562245,0,0,0,0,0.00222108586144856,0.0112966324374302,0.035242069369828,0.14481524562959,0.0236767156030992,0.296066195968636,0.0281157524519405,0,0.0993452243338134,0,0,0,0,0.120710330138101,1.033228330104
sample338,0.24252605128098,0,0,0.0480982597284585,0,0.225939340846904,0,0.0394774480500607,0.00134181332515862,0,0,0.012542598594827,0.0117064702921794,0.202633487674221,0.049715385313839,0.16331541357026,0.000273849026627709,0,0,0.00242988229648416,0,0,0,0.307385654098973,0.962661552477166
sample339,0.083874503219223,0,0.0190870135351965,0,0.0148003377722637,0.280597639944169,0.000959602226075281,0,0,0,0.0435168615358941,0,0.0651988574226661,0.0555915971185794,0.0400824891214947,0.239537396113302,0.0832174621205571,0.0534072661003541,0.0169777960863401,0,0,0.00315117768388451,0,0.164273223543854,1.01183625968265
sample340,0.0301847810489291,0,0.0281928637750824,0,0,0.242386232380876,0.0318497248115955,0,0,0,0.0342154121543767,0,0.162162044624729,0.152688708597439,0.0206580420795563,0.201895095864032,0.00430463090924024,0.0031516562690198,0.0330123548868317,0,0.0552984525982927,0,0,0.118749672128633,1.0314901592823
sample341,0.098110542001877,0,0.0204387935028811,0,0,0.378904226658701,0.0010873826746319,0,0,0,0.0542705045948129,0,0.0524009501821246,0,0.0633918718643317,0.2028531018725,0.047717662181019,0,0.0808249644671209,0,0,0,0,0.190438091515953,1.00283081323086
sample342,0.0726031715537729,0.136363347129322,0.119685862570672,0,0,0.314667382310034,0,0.0268887382450873,0,0,0.0373307858496711,0.00675599394607495,0.0207380382409014,0,0.00176368520567442,0.223198989906593,0,0.00392064541424758,0.0360833596279481,0,0,0,0,0.421576797236051,0.907208774009355
sample343,0.0265777672765395,0,0.0100774048217722,0.0319905950679361,0,0.102168081817362,0,0.026323167877731,0.00931667254557282,0,0,0.055542470090771,0.0275736462734006,0.24649062677471,0.0693522699905461,0.313759526049132,0.0199836836124663,0.00198372233903169,0.0543689219903834,0,0,0.00449144347264568,0,0.0833396367360338,1.06744311235232
sample344,0.0362286361230896,0,0.0149025621791531,0.0843157313885397,0,0.30258286526466,0,0,0.019323181946223,0,0.0559679980954474,0.00397150721077941,0.021706377425677,0.117822203298733,0.0582433089948719,0.11145800209349,0.0385906041006983,0,0.0580177375950071,0,0,0.0768692842836308,0,0.0729608569081165,1.0548200971227
sample345,0.0462545089351053,0,0.034982089811203,0,0.0467360886311305,0.303797124328908,0.0141037475448715,0,0,0,0.0363311532173308,0,0.0243707996100143,0.0896529765784823,0.0168462354553273,0.290218715524893,0.0208873136886517,0.0162933023371001,0.046834621225779,0,0.00534425463379163,0.00734706847741194,0,0.0519961463296877,1.05951675070513
sample346,0,0.0360756080536828,0,0.0347295233647765,0,0.189163502533763,0,0,0.0115849374883117,0,0.00156856622153577,0.0155809416443252,0.106141997896209,0.15896805888082,0.00221361487116274,0.304475593952079,0.0522420986142707,0.0296994504041691,0.0575561060748947,0,0,0,0,0.15305599947039,1.0259313056608
